TimeUTC,timestampInMs,requestPath,requestMethod,requestQueryString,responseStatusCode,requestId,requestUserAgent,level,environment,branch,vercelCache,type,function,host,deploymentDomain,deploymentId,durationMs,region,maxMemoryUsed,memorySize,message,projectId,traceId,sessionId,invocationId,instanceId,concurrency,workflowRunId,workflowStepId
2026-08-25 19:28:49,1787686129362,ayush-medicozip-api-server-baby-blbhhm24p.vercel.app/api/healthz,GET,,500,jpg75-1787686129053-6384e4097c66,"Mozilla/5.0 (Windows NT 10.0; Win64; x64) AppleWebKit/537.36 (KHTML, like Gecko) Chrome/151.0.0.0 Safari/537.36",info,preview,cleanup-ayush-medico,MISS,function,/api/[...path],ayush-medicozip-api-server-baby-blbhhm24p.vercel.app,ayush-medicozip-api-server-baby-blbhhm24p.vercel.app,dpl_3xwE4YpjShBgYBSddsezJGATVSPi,,,,,"Error [ERR_MODULE_NOT_FOUND]: Cannot find module '/var/task/artifacts/api-server/node_modules/@workspace/api-zod/src/index.ts' imported from /var/task/artifacts/api-server/src/routes/health.js
    at finalizeResolution (node:internal/modules/esm/resolve:277:11)
    at moduleResolve (node:internal/modules/esm/resolve:871:10)
    at moduleResolveWithNodePath (node:internal/modules/esm/resolve:998:14)
    at defaultResolve (node:internal/modules/esm/resolve:1041:79)
    at #cachedDefaultResolve (node:internal/modules/esm/loader:701:20)
    at #resolveAndMaybeBlockOnLoaderThread (node:internal/modules/esm/loader:721:38)
    at ModuleLoader.resolveSync (node:internal/modules/esm/loader:759:56)
    at #resolve (node:internal/modules/esm/loader:683:17)
    at ModuleLoader.getOrCreateModuleJob (node:internal/modules/esm/loader:603:35)
    at ModuleJob.syncLink (node:internal/modules/esm/module_job:163:33) {
  code: 'ERR_MODULE_NOT_FOUND',
  url: 'file:///var/task/artifacts/api-server/node_modules/@workspace/api-zod/src/index.ts'
}
Node.js process exited with exit status: 1. The logs above can help with debugging the issue.",prj_7JAswhDubg0NnqBvDW0zPD6g4FbY,,,,,,,
2026-08-25 19:28:49,1787686129053,ayush-medicozip-api-server-baby-blbhhm24p.vercel.app/api/healthz,GET,,500,jpg75-1787686129053-6384e4097c66,"Mozilla/5.0 (Windows NT 10.0; Win64; x64) AppleWebKit/537.36 (KHTML, like Gecko) Chrome/151.0.0.0 Safari/537.36",,preview,cleanup-ayush-medico,MISS,function,/api/[...path],ayush-medicozip-api-server-baby-blbhhm24p.vercel.app,ayush-medicozip-api-server-baby-blbhhm24p.vercel.app,dpl_3xwE4YpjShBgYBSddsezJGATVSPi,183,iad1,-1,2048,,prj_7JAswhDubg0NnqBvDW0zPD6g4FbY,,,01M0X6B3G9C93CP5T4NBV1B2KG,,-1,,
2026-08-25 19:28:19,1787686099248,ayush-medicozip-api-server-baby-blbhhm24p.vercel.app/api/health,GET,,500,76mv8-1787686098947-f7248d64aa4b,"Mozilla/5.0 (Windows NT 10.0; Win64; x64) AppleWebKit/537.36 (KHTML, like Gecko) Chrome/151.0.0.0 Safari/537.36",info,preview,cleanup-ayush-medico,MISS,function,/api/[...path],ayush-medicozip-api-server-baby-blbhhm24p.vercel.app,ayush-medicozip-api-server-baby-blbhhm24p.vercel.app,dpl_3xwE4YpjShBgYBSddsezJGATVSPi,,,,,"Error [ERR_MODULE_NOT_FOUND]: Cannot find module '/var/task/artifacts/api-server/node_modules/@workspace/api-zod/src/index.ts' imported from /var/task/artifacts/api-server/src/routes/health.js
    at finalizeResolution (node:internal/modules/esm/resolve:277:11)
    at moduleResolve (node:internal/modules/esm/resolve:871:10)
    at moduleResolveWithNodePath (node:internal/modules/esm/resolve:998:14)
    at defaultResolve (node:internal/modules/esm/resolve:1041:79)
    at #cachedDefaultResolve (node:internal/modules/esm/loader:701:20)
    at #resolveAndMaybeBlockOnLoaderThread (node:internal/modules/esm/loader:721:38)
    at ModuleLoader.resolveSync (node:internal/modules/esm/loader:759:56)
    at #resolve (node:internal/modules/esm/loader:683:17)
    at ModuleLoader.getOrCreateModuleJob (node:internal/modules/esm/loader:603:35)
    at ModuleJob.syncLink (node:internal/modules/esm/module_job:163:33) {
  code: 'ERR_MODULE_NOT_FOUND',
  url: 'file:///var/task/artifacts/api-server/node_modules/@workspace/api-zod/src/index.ts'
}
Node.js process exited with exit status: 1. The logs above can help with debugging the issue.",prj_7JAswhDubg0NnqBvDW0zPD6g4FbY,,,,,,,
2026-08-25 19:28:18,1787686098947,ayush-medicozip-api-server-baby-blbhhm24p.vercel.app/api/health,GET,,500,76mv8-1787686098947-f7248d64aa4b,"Mozilla/5.0 (Windows NT 10.0; Win64; x64) AppleWebKit/537.36 (KHTML, like Gecko) Chrome/151.0.0.0 Safari/537.36",,preview,cleanup-ayush-medico,MISS,function,/api/[...path],ayush-medicozip-api-server-baby-blbhhm24p.vercel.app,ayush-medicozip-api-server-baby-blbhhm24p.vercel.app,dpl_3xwE4YpjShBgYBSddsezJGATVSPi,184,iad1,-1,2048,,prj_7JAswhDubg0NnqBvDW0zPD6g4FbY,,,01M0X6A63B6GKGBF7XY7DE9ZNM,,-1,,
2026-08-25 19:28:10,1787686090060,ayush-medicozip-api-server-baby-blbhhm24p.vercel.app/api/medicines/special,GET,limit=20,500,bw75r-1787686089747-03bffe1d58c1,"Mozilla/5.0 (Windows NT 10.0; Win64; x64) AppleWebKit/537.36 (KHTML, like Gecko) Chrome/151.0.0.0 Safari/537.36",info,preview,cleanup-ayush-medico,MISS,function,/api/[...path],ayush-medicozip-api-server-baby-blbhhm24p.vercel.app,ayush-medicozip-api-server-baby-blbhhm24p.vercel.app,dpl_3xwE4YpjShBgYBSddsezJGATVSPi,,,,,"Error [ERR_MODULE_NOT_FOUND]: Cannot find module '/var/task/artifacts/api-server/node_modules/@workspace/api-zod/src/index.ts' imported from /var/task/artifacts/api-server/src/routes/health.js
    at finalizeResolution (node:internal/modules/esm/resolve:277:11)
    at moduleResolve (node:internal/modules/esm/resolve:871:10)
    at moduleResolveWithNodePath (node:internal/modules/esm/resolve:998:14)
    at defaultResolve (node:internal/modules/esm/resolve:1041:79)
    at #cachedDefaultResolve (node:internal/modules/esm/loader:701:20)
    at #resolveAndMaybeBlockOnLoaderThread (node:internal/modules/esm/loader:721:38)
    at ModuleLoader.resolveSync (node:internal/modules/esm/loader:759:56)
    at #resolve (node:internal/modules/esm/loader:683:17)
    at ModuleLoader.getOrCreateModuleJob (node:internal/modules/esm/loader:603:35)
    at ModuleJob.syncLink (node:internal/modules/esm/module_job:163:33) {
  code: 'ERR_MODULE_NOT_FOUND',
  url: 'file:///var/task/artifacts/api-server/node_modules/@workspace/api-zod/src/index.ts'
}
Node.js process exited with exit status: 1. The logs above can help with debugging the issue.",prj_7JAswhDubg0NnqBvDW0zPD6g4FbY,,,,,,,
2026-08-25 19:28:09,1787686089747,ayush-medicozip-api-server-baby-blbhhm24p.vercel.app/api/medicines/special,GET,limit=20,500,bw75r-1787686089747-03bffe1d58c1,"Mozilla/5.0 (Windows NT 10.0; Win64; x64) AppleWebKit/537.36 (KHTML, like Gecko) Chrome/151.0.0.0 Safari/537.36",,preview,cleanup-ayush-medico,MISS,function,/api/[...path],ayush-medicozip-api-server-baby-blbhhm24p.vercel.app,ayush-medicozip-api-server-baby-blbhhm24p.vercel.app,dpl_3xwE4YpjShBgYBSddsezJGATVSPi,178,iad1,-1,2048,,prj_7JAswhDubg0NnqBvDW0zPD6g4FbY,,,01M0X69X4APCY71X5M5EEXQM2Y,,-1,,
2026-08-25 19:28:10,1787686090052,ayush-medicozip-api-server-baby-blbhhm24p.vercel.app/api/medicines/new-arrivals,GET,limit=20,500,z4qr6-1787686089746-2e636a34a506,"Mozilla/5.0 (Windows NT 10.0; Win64; x64) AppleWebKit/537.36 (KHTML, like Gecko) Chrome/151.0.0.0 Safari/537.36",info,preview,cleanup-ayush-medico,MISS,function,/api/[...path],ayush-medicozip-api-server-baby-blbhhm24p.vercel.app,ayush-medicozip-api-server-baby-blbhhm24p.vercel.app,dpl_3xwE4YpjShBgYBSddsezJGATVSPi,,,,,"Error [ERR_MODULE_NOT_FOUND]: Cannot find module '/var/task/artifacts/api-server/node_modules/@workspace/api-zod/src/index.ts' imported from /var/task/artifacts/api-server/src/routes/health.js
    at finalizeResolution (node:internal/modules/esm/resolve:277:11)
    at moduleResolve (node:internal/modules/esm/resolve:871:10)
    at moduleResolveWithNodePath (node:internal/modules/esm/resolve:998:14)
    at defaultResolve (node:internal/modules/esm/resolve:1041:79)
    at #cachedDefaultResolve (node:internal/modules/esm/loader:701:20)
    at #resolveAndMaybeBlockOnLoaderThread (node:internal/modules/esm/loader:721:38)
    at ModuleLoader.resolveSync (node:internal/modules/esm/loader:759:56)
    at #resolve (node:internal/modules/esm/loader:683:17)
    at ModuleLoader.getOrCreateModuleJob (node:internal/modules/esm/loader:603:35)
    at ModuleJob.syncLink (node:internal/modules/esm/module_job:163:33) {
  code: 'ERR_MODULE_NOT_FOUND',
  url: 'file:///var/task/artifacts/api-server/node_modules/@workspace/api-zod/src/index.ts'
}
Node.js process exited with exit status: 1. The logs above can help with debugging the issue.",prj_7JAswhDubg0NnqBvDW0zPD6g4FbY,,,,,,,
2026-08-25 19:28:09,1787686089746,ayush-medicozip-api-server-baby-blbhhm24p.vercel.app/api/medicines/new-arrivals,GET,limit=20,500,z4qr6-1787686089746-2e636a34a506,"Mozilla/5.0 (Windows NT 10.0; Win64; x64) AppleWebKit/537.36 (KHTML, like Gecko) Chrome/151.0.0.0 Safari/537.36",,preview,cleanup-ayush-medico,MISS,function,/api/[...path],ayush-medicozip-api-server-baby-blbhhm24p.vercel.app,ayush-medicozip-api-server-baby-blbhhm24p.vercel.app,dpl_3xwE4YpjShBgYBSddsezJGATVSPi,172,iad1,-1,2048,,prj_7JAswhDubg0NnqBvDW0zPD6g4FbY,,,01M0X69X467VT5VVV5974EXMWF,,-1,,
2026-08-25 19:28:10,1787686090078,ayush-medicozip-api-server-baby-blbhhm24p.vercel.app/api/medicines/featured,GET,limit=8,500,w876n-1787686089745-93d24597e54a,"Mozilla/5.0 (Windows NT 10.0; Win64; x64) AppleWebKit/537.36 (KHTML, like Gecko) Chrome/151.0.0.0 Safari/537.36",info,preview,cleanup-ayush-medico,MISS,function,/api/[...path],ayush-medicozip-api-server-baby-blbhhm24p.vercel.app,ayush-medicozip-api-server-baby-blbhhm24p.vercel.app,dpl_3xwE4YpjShBgYBSddsezJGATVSPi,,,,,"Error [ERR_MODULE_NOT_FOUND]: Cannot find module '/var/task/artifacts/api-server/node_modules/@workspace/api-zod/src/index.ts' imported from /var/task/artifacts/api-server/src/routes/health.js
    at finalizeResolution (node:internal/modules/esm/resolve:277:11)
    at moduleResolve (node:internal/modules/esm/resolve:871:10)
    at moduleResolveWithNodePath (node:internal/modules/esm/resolve:998:14)
    at defaultResolve (node:internal/modules/esm/resolve:1041:79)
    at #cachedDefaultResolve (node:internal/modules/esm/loader:701:20)
    at #resolveAndMaybeBlockOnLoaderThread (node:internal/modules/esm/loader:721:38)
    at ModuleLoader.resolveSync (node:internal/modules/esm/loader:759:56)
    at #resolve (node:internal/modules/esm/loader:683:17)
    at ModuleLoader.getOrCreateModuleJob (node:internal/modules/esm/loader:603:35)
    at ModuleJob.syncLink (node:internal/modules/esm/module_job:163:33) {
  code: 'ERR_MODULE_NOT_FOUND',
  url: 'file:///var/task/artifacts/api-server/node_modules/@workspace/api-zod/src/index.ts'
}
Node.js process exited with exit status: 1. The logs above can help with debugging the issue.",prj_7JAswhDubg0NnqBvDW0zPD6g4FbY,,,,,,,
2026-08-25 19:28:09,1787686089745,ayush-medicozip-api-server-baby-blbhhm24p.vercel.app/api/medicines/featured,GET,limit=8,500,w876n-1787686089745-93d24597e54a,"Mozilla/5.0 (Windows NT 10.0; Win64; x64) AppleWebKit/537.36 (KHTML, like Gecko) Chrome/151.0.0.0 Safari/537.36",,preview,cleanup-ayush-medico,MISS,function,/api/[...path],ayush-medicozip-api-server-baby-blbhhm24p.vercel.app,ayush-medicozip-api-server-baby-blbhhm24p.vercel.app,dpl_3xwE4YpjShBgYBSddsezJGATVSPi,201,iad1,-1,2048,,prj_7JAswhDubg0NnqBvDW0zPD6g4FbY,,,01M0X69X42JR5ZZ2GA3QGPTKQ3,,-1,,
2026-08-25 19:28:08,1787686088586,ayush-medicozip-api-server-baby-blbhhm24p.vercel.app/api/medicines/special,GET,limit=20,500,2l845-1787686088269-fa05fc1b72a5,"Mozilla/5.0 (Windows NT 10.0; Win64; x64) AppleWebKit/537.36 (KHTML, like Gecko) Chrome/151.0.0.0 Safari/537.36",info,preview,cleanup-ayush-medico,MISS,function,/api/[...path],ayush-medicozip-api-server-baby-blbhhm24p.vercel.app,ayush-medicozip-api-server-baby-blbhhm24p.vercel.app,dpl_3xwE4YpjShBgYBSddsezJGATVSPi,,,,,"Error [ERR_MODULE_NOT_FOUND]: Cannot find module '/var/task/artifacts/api-server/node_modules/@workspace/api-zod/src/index.ts' imported from /var/task/artifacts/api-server/src/routes/health.js
    at finalizeResolution (node:internal/modules/esm/resolve:277:11)
    at moduleResolve (node:internal/modules/esm/resolve:871:10)
    at moduleResolveWithNodePath (node:internal/modules/esm/resolve:998:14)
    at defaultResolve (node:internal/modules/esm/resolve:1041:79)
    at #cachedDefaultResolve (node:internal/modules/esm/loader:701:20)
    at #resolveAndMaybeBlockOnLoaderThread (node:internal/modules/esm/loader:721:38)
    at ModuleLoader.resolveSync (node:internal/modules/esm/loader:759:56)
    at #resolve (node:internal/modules/esm/loader:683:17)
    at ModuleLoader.getOrCreateModuleJob (node:internal/modules/esm/loader:603:35)
    at ModuleJob.syncLink (node:internal/modules/esm/module_job:163:33) {
  code: 'ERR_MODULE_NOT_FOUND',
  url: 'file:///var/task/artifacts/api-server/node_modules/@workspace/api-zod/src/index.ts'
}
Node.js process exited with exit status: 1. The logs above can help with debugging the issue.",prj_7JAswhDubg0NnqBvDW0zPD6g4FbY,,,,,,,
2026-08-25 19:28:08,1787686088269,ayush-medicozip-api-server-baby-blbhhm24p.vercel.app/api/medicines/special,GET,limit=20,500,2l845-1787686088269-fa05fc1b72a5,"Mozilla/5.0 (Windows NT 10.0; Win64; x64) AppleWebKit/537.36 (KHTML, like Gecko) Chrome/151.0.0.0 Safari/537.36",,preview,cleanup-ayush-medico,MISS,function,/api/[...path],ayush-medicozip-api-server-baby-blbhhm24p.vercel.app,ayush-medicozip-api-server-baby-blbhhm24p.vercel.app,dpl_3xwE4YpjShBgYBSddsezJGATVSPi,185,iad1,-1,2048,,prj_7JAswhDubg0NnqBvDW0zPD6g4FbY,,,01M0X69VNZC4RAX55XP4KMQK0T,,-1,,
2026-08-25 19:28:08,1787686088571,ayush-medicozip-api-server-baby-blbhhm24p.vercel.app/api/settings/homepage,GET,,500,ph5sp-1787686088268-3b7622950ae8,"Mozilla/5.0 (Windows NT 10.0; Win64; x64) AppleWebKit/537.36 (KHTML, like Gecko) Chrome/151.0.0.0 Safari/537.36",info,preview,cleanup-ayush-medico,MISS,function,/api/[...path],ayush-medicozip-api-server-baby-blbhhm24p.vercel.app,ayush-medicozip-api-server-baby-blbhhm24p.vercel.app,dpl_3xwE4YpjShBgYBSddsezJGATVSPi,,,,,"Error [ERR_MODULE_NOT_FOUND]: Cannot find module '/var/task/artifacts/api-server/node_modules/@workspace/api-zod/src/index.ts' imported from /var/task/artifacts/api-server/src/routes/health.js
    at finalizeResolution (node:internal/modules/esm/resolve:277:11)
    at moduleResolve (node:internal/modules/esm/resolve:871:10)
    at moduleResolveWithNodePath (node:internal/modules/esm/resolve:998:14)
    at defaultResolve (node:internal/modules/esm/resolve:1041:79)
    at #cachedDefaultResolve (node:internal/modules/esm/loader:701:20)
    at #resolveAndMaybeBlockOnLoaderThread (node:internal/modules/esm/loader:721:38)
    at ModuleLoader.resolveSync (node:internal/modules/esm/loader:759:56)
    at #resolve (node:internal/modules/esm/loader:683:17)
    at ModuleLoader.getOrCreateModuleJob (node:internal/modules/esm/loader:603:35)
    at ModuleJob.syncLink (node:internal/modules/esm/module_job:163:33) {
  code: 'ERR_MODULE_NOT_FOUND',
  url: 'file:///var/task/artifacts/api-server/node_modules/@workspace/api-zod/src/index.ts'
}
Node.js process exited with exit status: 1. The logs above can help with debugging the issue.",prj_7JAswhDubg0NnqBvDW0zPD6g4FbY,,,,,,,
2026-08-25 19:28:08,1787686088268,ayush-medicozip-api-server-baby-blbhhm24p.vercel.app/api/settings/homepage,GET,,500,ph5sp-1787686088268-3b7622950ae8,"Mozilla/5.0 (Windows NT 10.0; Win64; x64) AppleWebKit/537.36 (KHTML, like Gecko) Chrome/151.0.0.0 Safari/537.36",,preview,cleanup-ayush-medico,MISS,function,/api/[...path],ayush-medicozip-api-server-baby-blbhhm24p.vercel.app,ayush-medicozip-api-server-baby-blbhhm24p.vercel.app,dpl_3xwE4YpjShBgYBSddsezJGATVSPi,176,iad1,-1,2048,,prj_7JAswhDubg0NnqBvDW0zPD6g4FbY,,,01M0X69VNS5PXTRXF840EFBQ9N,,-1,,
2026-08-25 19:28:08,1787686088577,ayush-medicozip-api-server-baby-blbhhm24p.vercel.app/api/medicines/new-arrivals,GET,limit=20,500,vgjls-1787686088267-1c729e53cbd3,"Mozilla/5.0 (Windows NT 10.0; Win64; x64) AppleWebKit/537.36 (KHTML, like Gecko) Chrome/151.0.0.0 Safari/537.36",info,preview,cleanup-ayush-medico,MISS,function,/api/[...path],ayush-medicozip-api-server-baby-blbhhm24p.vercel.app,ayush-medicozip-api-server-baby-blbhhm24p.vercel.app,dpl_3xwE4YpjShBgYBSddsezJGATVSPi,,,,,"Error [ERR_MODULE_NOT_FOUND]: Cannot find module '/var/task/artifacts/api-server/node_modules/@workspace/api-zod/src/index.ts' imported from /var/task/artifacts/api-server/src/routes/health.js
    at finalizeResolution (node:internal/modules/esm/resolve:277:11)
    at moduleResolve (node:internal/modules/esm/resolve:871:10)
    at moduleResolveWithNodePath (node:internal/modules/esm/resolve:998:14)
    at defaultResolve (node:internal/modules/esm/resolve:1041:79)
    at #cachedDefaultResolve (node:internal/modules/esm/loader:701:20)
    at #resolveAndMaybeBlockOnLoaderThread (node:internal/modules/esm/loader:721:38)
    at ModuleLoader.resolveSync (node:internal/modules/esm/loader:759:56)
    at #resolve (node:internal/modules/esm/loader:683:17)
    at ModuleLoader.getOrCreateModuleJob (node:internal/modules/esm/loader:603:35)
    at ModuleJob.syncLink (node:internal/modules/esm/module_job:163:33) {
  code: 'ERR_MODULE_NOT_FOUND',
  url: 'file:///var/task/artifacts/api-server/node_modules/@workspace/api-zod/src/index.ts'
}
Node.js process exited with exit status: 1. The logs above can help with debugging the issue.",prj_7JAswhDubg0NnqBvDW0zPD6g4FbY,,,,,,,
2026-08-25 19:28:08,1787686088267,ayush-medicozip-api-server-baby-blbhhm24p.vercel.app/api/medicines/new-arrivals,GET,limit=20,500,vgjls-1787686088267-1c729e53cbd3,"Mozilla/5.0 (Windows NT 10.0; Win64; x64) AppleWebKit/537.36 (KHTML, like Gecko) Chrome/151.0.0.0 Safari/537.36",,preview,cleanup-ayush-medico,MISS,function,/api/[...path],ayush-medicozip-api-server-baby-blbhhm24p.vercel.app,ayush-medicozip-api-server-baby-blbhhm24p.vercel.app,dpl_3xwE4YpjShBgYBSddsezJGATVSPi,175,iad1,-1,2048,,prj_7JAswhDubg0NnqBvDW0zPD6g4FbY,,,01M0X69VP0HXTDNMSK88TDJQQ4,,-1,,
2026-08-25 19:28:08,1787686088563,ayush-medicozip-api-server-baby-blbhhm24p.vercel.app/api/medicines/featured,GET,limit=8,500,nxmbp-1787686088266-8c23e767192a,"Mozilla/5.0 (Windows NT 10.0; Win64; x64) AppleWebKit/537.36 (KHTML, like Gecko) Chrome/151.0.0.0 Safari/537.36",info,preview,cleanup-ayush-medico,MISS,function,/api/[...path],ayush-medicozip-api-server-baby-blbhhm24p.vercel.app,ayush-medicozip-api-server-baby-blbhhm24p.vercel.app,dpl_3xwE4YpjShBgYBSddsezJGATVSPi,,,,,"Node.js process exited with exit status: 1. The logs above can help with debugging the issue.
Error [ERR_MODULE_NOT_FOUND]: Cannot find module '/var/task/artifacts/api-server/node_modules/@workspace/api-zod/src/index.ts' imported from /var/task/artifacts/api-server/src/routes/health.js
    at finalizeResolution (node:internal/modules/esm/resolve:277:11)
    at moduleResolve (node:internal/modules/esm/resolve:871:10)
    at moduleResolveWithNodePath (node:internal/modules/esm/resolve:998:14)
    at defaultResolve (node:internal/modules/esm/resolve:1041:79)
    at #cachedDefaultResolve (node:internal/modules/esm/loader:701:20)
    at #resolveAndMaybeBlockOnLoaderThread (node:internal/modules/esm/loader:721:38)
    at ModuleLoader.resolveSync (node:internal/modules/esm/loader:759:56)
    at #resolve (node:internal/modules/esm/loader:683:17)
    at ModuleLoader.getOrCreateModuleJob (node:internal/modules/esm/loader:603:35)
    at ModuleJob.syncLink (node:internal/modules/esm/module_job:163:33) {
  code: 'ERR_MODULE_NOT_FOUND',
  url: 'file:///var/task/artifacts/api-server/node_modules/@workspace/api-zod/src/index.ts'
}",prj_7JAswhDubg0NnqBvDW0zPD6g4FbY,,,,,,,
2026-08-25 19:28:08,1787686088266,ayush-medicozip-api-server-baby-blbhhm24p.vercel.app/api/medicines/featured,GET,limit=8,500,nxmbp-1787686088266-8c23e767192a,"Mozilla/5.0 (Windows NT 10.0; Win64; x64) AppleWebKit/537.36 (KHTML, like Gecko) Chrome/151.0.0.0 Safari/537.36",,preview,cleanup-ayush-medico,MISS,function,/api/[...path],ayush-medicozip-api-server-baby-blbhhm24p.vercel.app,ayush-medicozip-api-server-baby-blbhhm24p.vercel.app,dpl_3xwE4YpjShBgYBSddsezJGATVSPi,172,iad1,-1,2048,,prj_7JAswhDubg0NnqBvDW0zPD6g4FbY,,,01M0X69VNK9X261HY0KJ35GASM,,-1,,
2026-08-25 19:28:07,1787686087625,ayush-medicozip-api-server-baby-blbhhm24p.vercel.app/api/settings/store,GET,,500,jvbmf-1787686087315-cfaf1308fcc7,"Mozilla/5.0 (Windows NT 10.0; Win64; x64) AppleWebKit/537.36 (KHTML, like Gecko) Chrome/151.0.0.0 Safari/537.36",info,preview,cleanup-ayush-medico,MISS,function,/api/[...path],ayush-medicozip-api-server-baby-blbhhm24p.vercel.app,ayush-medicozip-api-server-baby-blbhhm24p.vercel.app,dpl_3xwE4YpjShBgYBSddsezJGATVSPi,,,,,"Error [ERR_MODULE_NOT_FOUND]: Cannot find module '/var/task/artifacts/api-server/node_modules/@workspace/api-zod/src/index.ts' imported from /var/task/artifacts/api-server/src/routes/health.js
    at finalizeResolution (node:internal/modules/esm/resolve:277:11)
    at moduleResolve (node:internal/modules/esm/resolve:871:10)
    at moduleResolveWithNodePath (node:internal/modules/esm/resolve:998:14)
    at defaultResolve (node:internal/modules/esm/resolve:1041:79)
    at #cachedDefaultResolve (node:internal/modules/esm/loader:701:20)
    at #resolveAndMaybeBlockOnLoaderThread (node:internal/modules/esm/loader:721:38)
    at ModuleLoader.resolveSync (node:internal/modules/esm/loader:759:56)
    at #resolve (node:internal/modules/esm/loader:683:17)
    at ModuleLoader.getOrCreateModuleJob (node:internal/modules/esm/loader:603:35)
    at ModuleJob.syncLink (node:internal/modules/esm/module_job:163:33) {
  code: 'ERR_MODULE_NOT_FOUND',
  url: 'file:///var/task/artifacts/api-server/node_modules/@workspace/api-zod/src/index.ts'
}
Node.js process exited with exit status: 1. The logs above can help with debugging the issue.",prj_7JAswhDubg0NnqBvDW0zPD6g4FbY,,,,,,,
2026-08-25 19:28:07,1787686087315,ayush-medicozip-api-server-baby-blbhhm24p.vercel.app/api/settings/store,GET,,500,jvbmf-1787686087315-cfaf1308fcc7,"Mozilla/5.0 (Windows NT 10.0; Win64; x64) AppleWebKit/537.36 (KHTML, like Gecko) Chrome/151.0.0.0 Safari/537.36",,preview,cleanup-ayush-medico,MISS,function,/api/[...path],ayush-medicozip-api-server-baby-blbhhm24p.vercel.app,ayush-medicozip-api-server-baby-blbhhm24p.vercel.app,dpl_3xwE4YpjShBgYBSddsezJGATVSPi,178,iad1,-1,2048,,prj_7JAswhDubg0NnqBvDW0zPD6g4FbY,,,01M0X69TR73JCZ2P3STM3RFT9V,,-1,,
2026-08-25 19:28:07,1787686087837,ayush-medicozip-api-server-baby-blbhhm24p.vercel.app/api/settings/announcement,GET,,500,crz7r-1787686087315-8cbd1cd93f8d,"Mozilla/5.0 (Windows NT 10.0; Win64; x64) AppleWebKit/537.36 (KHTML, like Gecko) Chrome/151.0.0.0 Safari/537.36",info,preview,cleanup-ayush-medico,MISS,function,/api/[...path],ayush-medicozip-api-server-baby-blbhhm24p.vercel.app,ayush-medicozip-api-server-baby-blbhhm24p.vercel.app,dpl_3xwE4YpjShBgYBSddsezJGATVSPi,,,,,"Error [ERR_MODULE_NOT_FOUND]: Cannot find module '/var/task/artifacts/api-server/node_modules/@workspace/api-zod/src/index.ts' imported from /var/task/artifacts/api-server/src/routes/health.js
    at finalizeResolution (node:internal/modules/esm/resolve:277:11)
    at moduleResolve (node:internal/modules/esm/resolve:871:10)
    at moduleResolveWithNodePath (node:internal/modules/esm/resolve:998:14)
    at defaultResolve (node:internal/modules/esm/resolve:1041:79)
    at #cachedDefaultResolve (node:internal/modules/esm/loader:701:20)
    at #resolveAndMaybeBlockOnLoaderThread (node:internal/modules/esm/loader:721:38)
    at ModuleLoader.resolveSync (node:internal/modules/esm/loader:759:56)
    at #resolve (node:internal/modules/esm/loader:683:17)
    at ModuleLoader.getOrCreateModuleJob (node:internal/modules/esm/loader:603:35)
    at ModuleJob.syncLink (node:internal/modules/esm/module_job:163:33) {
  code: 'ERR_MODULE_NOT_FOUND',
  url: 'file:///var/task/artifacts/api-server/node_modules/@workspace/api-zod/src/index.ts'
}
Node.js process exited with exit status: 1. The logs above can help with debugging the issue.",prj_7JAswhDubg0NnqBvDW0zPD6g4FbY,,,,,,,
2026-08-25 19:28:07,1787686087315,ayush-medicozip-api-server-baby-blbhhm24p.vercel.app/api/settings/announcement,GET,,500,crz7r-1787686087315-8cbd1cd93f8d,"Mozilla/5.0 (Windows NT 10.0; Win64; x64) AppleWebKit/537.36 (KHTML, like Gecko) Chrome/151.0.0.0 Safari/537.36",,preview,cleanup-ayush-medico,MISS,function,/api/[...path],ayush-medicozip-api-server-baby-blbhhm24p.vercel.app,ayush-medicozip-api-server-baby-blbhhm24p.vercel.app,dpl_3xwE4YpjShBgYBSddsezJGATVSPi,172,iad1,-1,2048,,prj_7JAswhDubg0NnqBvDW0zPD6g4FbY,,,01M0X69TYPJ0Q27PY8VVC5CGKA,,-1,,
2026-08-25 19:28:07,1787686087840,ayush-medicozip-api-server-baby-blbhhm24p.vercel.app/api/categories,GET,,500,grqnz-1787686087311-6999d5899397,"Mozilla/5.0 (Windows NT 10.0; Win64; x64) AppleWebKit/537.36 (KHTML, like Gecko) Chrome/151.0.0.0 Safari/537.36",info,preview,cleanup-ayush-medico,MISS,function,/api/[...path],ayush-medicozip-api-server-baby-blbhhm24p.vercel.app,ayush-medicozip-api-server-baby-blbhhm24p.vercel.app,dpl_3xwE4YpjShBgYBSddsezJGATVSPi,,,,,"Error [ERR_MODULE_NOT_FOUND]: Cannot find module '/var/task/artifacts/api-server/node_modules/@workspace/api-zod/src/index.ts' imported from /var/task/artifacts/api-server/src/routes/health.js
    at finalizeResolution (node:internal/modules/esm/resolve:277:11)
    at moduleResolve (node:internal/modules/esm/resolve:871:10)
    at moduleResolveWithNodePath (node:internal/modules/esm/resolve:998:14)
    at defaultResolve (node:internal/modules/esm/resolve:1041:79)
    at #cachedDefaultResolve (node:internal/modules/esm/loader:701:20)
    at #resolveAndMaybeBlockOnLoaderThread (node:internal/modules/esm/loader:721:38)
    at ModuleLoader.resolveSync (node:internal/modules/esm/loader:759:56)
    at #resolve (node:internal/modules/esm/loader:683:17)
    at ModuleLoader.getOrCreateModuleJob (node:internal/modules/esm/loader:603:35)
    at ModuleJob.syncLink (node:internal/modules/esm/module_job:163:33) {
  code: 'ERR_MODULE_NOT_FOUND',
  url: 'file:///var/task/artifacts/api-server/node_modules/@workspace/api-zod/src/index.ts'
}
Node.js process exited with exit status: 1. The logs above can help with debugging the issue.",prj_7JAswhDubg0NnqBvDW0zPD6g4FbY,,,,,,,
2026-08-25 19:28:07,1787686087311,ayush-medicozip-api-server-baby-blbhhm24p.vercel.app/api/categories,GET,,500,grqnz-1787686087311-6999d5899397,"Mozilla/5.0 (Windows NT 10.0; Win64; x64) AppleWebKit/537.36 (KHTML, like Gecko) Chrome/151.0.0.0 Safari/537.36",,preview,cleanup-ayush-medico,MISS,function,/api/[...path],ayush-medicozip-api-server-baby-blbhhm24p.vercel.app,ayush-medicozip-api-server-baby-blbhhm24p.vercel.app,dpl_3xwE4YpjShBgYBSddsezJGATVSPi,172,iad1,-1,2048,,prj_7JAswhDubg0NnqBvDW0zPD6g4FbY,,,01M0X69TZ51VYRDGM1XB3DFVE7,,-1,,
2026-08-25 19:28:05,1787686085762,ayush-medicozip-api-server-baby-blbhhm24p.vercel.app/api/medicines/new-arrivals,GET,limit=20,500,fv4gv-1787686085521-c83e68a5e070,"Mozilla/5.0 (X11; Linux x86_64) AppleWebKit/537.36 (KHTML, like Gecko) HeadlessChrome/141.0.7390.0 Safari/537.36",info,preview,cleanup-ayush-medico,MISS,function,/api/[...path],ayush-medicozip-api-server-baby-blbhhm24p.vercel.app,ayush-medicozip-api-server-baby-blbhhm24p.vercel.app,dpl_3xwE4YpjShBgYBSddsezJGATVSPi,,,,,"Error [ERR_MODULE_NOT_FOUND]: Cannot find module '/var/task/artifacts/api-server/node_modules/@workspace/api-zod/src/index.ts' imported from /var/task/artifacts/api-server/src/routes/health.js
    at finalizeResolution (node:internal/modules/esm/resolve:277:11)
    at moduleResolve (node:internal/modules/esm/resolve:871:10)
    at moduleResolveWithNodePath (node:internal/modules/esm/resolve:998:14)
    at defaultResolve (node:internal/modules/esm/resolve:1041:79)
    at #cachedDefaultResolve (node:internal/modules/esm/loader:701:20)
    at #resolveAndMaybeBlockOnLoaderThread (node:internal/modules/esm/loader:721:38)
    at ModuleLoader.resolveSync (node:internal/modules/esm/loader:759:56)
    at #resolve (node:internal/modules/esm/loader:683:17)
    at ModuleLoader.getOrCreateModuleJob (node:internal/modules/esm/loader:603:35)
    at ModuleJob.syncLink (node:internal/modules/esm/module_job:163:33) {
  code: 'ERR_MODULE_NOT_FOUND',
  url: 'file:///var/task/artifacts/api-server/node_modules/@workspace/api-zod/src/index.ts'
}
Node.js process exited with exit status: 1. The logs above can help with debugging the issue.",prj_7JAswhDubg0NnqBvDW0zPD6g4FbY,,,,,,,
2026-08-25 19:28:05,1787686085521,ayush-medicozip-api-server-baby-blbhhm24p.vercel.app/api/medicines/new-arrivals,GET,limit=20,500,fv4gv-1787686085521-c83e68a5e070,"Mozilla/5.0 (X11; Linux x86_64) AppleWebKit/537.36 (KHTML, like Gecko) HeadlessChrome/141.0.7390.0 Safari/537.36",,preview,cleanup-ayush-medico,MISS,function,/api/[...path],ayush-medicozip-api-server-baby-blbhhm24p.vercel.app,ayush-medicozip-api-server-baby-blbhhm24p.vercel.app,dpl_3xwE4YpjShBgYBSddsezJGATVSPi,187,iad1,-1,2048,,prj_7JAswhDubg0NnqBvDW0zPD6g4FbY,,,01M0X69RXRAF5V27BHBZ3JJXQF,,-1,,
2026-08-25 19:28:05,1787686085748,ayush-medicozip-api-server-baby-blbhhm24p.vercel.app/api/medicines/special,GET,limit=20,500,lw6s8-1787686085474-d55e8a7a635d,"Mozilla/5.0 (X11; Linux x86_64) AppleWebKit/537.36 (KHTML, like Gecko) HeadlessChrome/141.0.7390.0 Safari/537.36",info,preview,cleanup-ayush-medico,MISS,function,/api/[...path],ayush-medicozip-api-server-baby-blbhhm24p.vercel.app,ayush-medicozip-api-server-baby-blbhhm24p.vercel.app,dpl_3xwE4YpjShBgYBSddsezJGATVSPi,,,,,"Error [ERR_MODULE_NOT_FOUND]: Cannot find module '/var/task/artifacts/api-server/node_modules/@workspace/api-zod/src/index.ts' imported from /var/task/artifacts/api-server/src/routes/health.js
    at finalizeResolution (node:internal/modules/esm/resolve:277:11)
    at moduleResolve (node:internal/modules/esm/resolve:871:10)
    at moduleResolveWithNodePath (node:internal/modules/esm/resolve:998:14)
    at defaultResolve (node:internal/modules/esm/resolve:1041:79)
    at #cachedDefaultResolve (node:internal/modules/esm/loader:701:20)
    at #resolveAndMaybeBlockOnLoaderThread (node:internal/modules/esm/loader:721:38)
    at ModuleLoader.resolveSync (node:internal/modules/esm/loader:759:56)
    at #resolve (node:internal/modules/esm/loader:683:17)
    at ModuleLoader.getOrCreateModuleJob (node:internal/modules/esm/loader:603:35)
    at ModuleJob.syncLink (node:internal/modules/esm/module_job:163:33) {
  code: 'ERR_MODULE_NOT_FOUND',
  url: 'file:///var/task/artifacts/api-server/node_modules/@workspace/api-zod/src/index.ts'
}
Node.js process exited with exit status: 1. The logs above can help with debugging the issue.",prj_7JAswhDubg0NnqBvDW0zPD6g4FbY,,,,,,,
2026-08-25 19:28:05,1787686085474,ayush-medicozip-api-server-baby-blbhhm24p.vercel.app/api/medicines/special,GET,limit=20,500,lw6s8-1787686085474-d55e8a7a635d,"Mozilla/5.0 (X11; Linux x86_64) AppleWebKit/537.36 (KHTML, like Gecko) HeadlessChrome/141.0.7390.0 Safari/537.36",,preview,cleanup-ayush-medico,MISS,function,/api/[...path],ayush-medicozip-api-server-baby-blbhhm24p.vercel.app,ayush-medicozip-api-server-baby-blbhhm24p.vercel.app,dpl_3xwE4YpjShBgYBSddsezJGATVSPi,170,iad1,-1,2048,,prj_7JAswhDubg0NnqBvDW0zPD6g4FbY,,,01M0X69RXTBGEP6SVPWERDV76G,,-1,,
2026-08-25 19:28:05,1787686085681,ayush-medicozip-api-server-baby-blbhhm24p.vercel.app/api/medicines/featured,GET,limit=8,500,zmtsd-1787686085447-5307a6c66b3b,"Mozilla/5.0 (X11; Linux x86_64) AppleWebKit/537.36 (KHTML, like Gecko) HeadlessChrome/141.0.7390.0 Safari/537.36",info,preview,cleanup-ayush-medico,MISS,function,/api/[...path],ayush-medicozip-api-server-baby-blbhhm24p.vercel.app,ayush-medicozip-api-server-baby-blbhhm24p.vercel.app,dpl_3xwE4YpjShBgYBSddsezJGATVSPi,,,,,"Error [ERR_MODULE_NOT_FOUND]: Cannot find module '/var/task/artifacts/api-server/node_modules/@workspace/api-zod/src/index.ts' imported from /var/task/artifacts/api-server/src/routes/health.js
    at finalizeResolution (node:internal/modules/esm/resolve:277:11)
    at moduleResolve (node:internal/modules/esm/resolve:871:10)
    at moduleResolveWithNodePath (node:internal/modules/esm/resolve:998:14)
    at defaultResolve (node:internal/modules/esm/resolve:1041:79)
    at #cachedDefaultResolve (node:internal/modules/esm/loader:701:20)
    at #resolveAndMaybeBlockOnLoaderThread (node:internal/modules/esm/loader:721:38)
    at ModuleLoader.resolveSync (node:internal/modules/esm/loader:759:56)
    at #resolve (node:internal/modules/esm/loader:683:17)
    at ModuleLoader.getOrCreateModuleJob (node:internal/modules/esm/loader:603:35)
    at ModuleJob.syncLink (node:internal/modules/esm/module_job:163:33) {
  code: 'ERR_MODULE_NOT_FOUND',
  url: 'file:///var/task/artifacts/api-server/node_modules/@workspace/api-zod/src/index.ts'
}
Node.js process exited with exit status: 1. The logs above can help with debugging the issue.",prj_7JAswhDubg0NnqBvDW0zPD6g4FbY,,,,,,,
2026-08-25 19:28:05,1787686085447,ayush-medicozip-api-server-baby-blbhhm24p.vercel.app/api/medicines/featured,GET,limit=8,500,zmtsd-1787686085447-5307a6c66b3b,"Mozilla/5.0 (X11; Linux x86_64) AppleWebKit/537.36 (KHTML, like Gecko) HeadlessChrome/141.0.7390.0 Safari/537.36",,preview,cleanup-ayush-medico,MISS,function,/api/[...path],ayush-medicozip-api-server-baby-blbhhm24p.vercel.app,ayush-medicozip-api-server-baby-blbhhm24p.vercel.app,dpl_3xwE4YpjShBgYBSddsezJGATVSPi,182,iad1,-1,2048,,prj_7JAswhDubg0NnqBvDW0zPD6g4FbY,,,01M0X69RVC2MAP9R81SN33G383,,-1,,
2026-08-25 19:28:03,1787686083479,ayush-medicozip-api-server-baby-blbhhm24p.vercel.app/api/medicines/new-arrivals,GET,limit=20,500,bp5rh-1787686083239-ab82ec0ccd75,"Mozilla/5.0 (X11; Linux x86_64) AppleWebKit/537.36 (KHTML, like Gecko) HeadlessChrome/141.0.7390.0 Safari/537.36",info,preview,cleanup-ayush-medico,MISS,function,/api/[...path],ayush-medicozip-api-server-baby-blbhhm24p.vercel.app,ayush-medicozip-api-server-baby-blbhhm24p.vercel.app,dpl_3xwE4YpjShBgYBSddsezJGATVSPi,,,,,"Error [ERR_MODULE_NOT_FOUND]: Cannot find module '/var/task/artifacts/api-server/node_modules/@workspace/api-zod/src/index.ts' imported from /var/task/artifacts/api-server/src/routes/health.js
    at finalizeResolution (node:internal/modules/esm/resolve:277:11)
    at moduleResolve (node:internal/modules/esm/resolve:871:10)
    at moduleResolveWithNodePath (node:internal/modules/esm/resolve:998:14)
    at defaultResolve (node:internal/modules/esm/resolve:1041:79)
    at #cachedDefaultResolve (node:internal/modules/esm/loader:701:20)
    at #resolveAndMaybeBlockOnLoaderThread (node:internal/modules/esm/loader:721:38)
    at ModuleLoader.resolveSync (node:internal/modules/esm/loader:759:56)
    at #resolve (node:internal/modules/esm/loader:683:17)
    at ModuleLoader.getOrCreateModuleJob (node:internal/modules/esm/loader:603:35)
    at ModuleJob.syncLink (node:internal/modules/esm/module_job:163:33) {
  code: 'ERR_MODULE_NOT_FOUND',
  url: 'file:///var/task/artifacts/api-server/node_modules/@workspace/api-zod/src/index.ts'
}
Node.js process exited with exit status: 1. The logs above can help with debugging the issue.",prj_7JAswhDubg0NnqBvDW0zPD6g4FbY,,,,,,,
2026-08-25 19:28:03,1787686083239,ayush-medicozip-api-server-baby-blbhhm24p.vercel.app/api/medicines/new-arrivals,GET,limit=20,500,bp5rh-1787686083239-ab82ec0ccd75,"Mozilla/5.0 (X11; Linux x86_64) AppleWebKit/537.36 (KHTML, like Gecko) HeadlessChrome/141.0.7390.0 Safari/537.36",,preview,cleanup-ayush-medico,MISS,function,/api/[...path],ayush-medicozip-api-server-baby-blbhhm24p.vercel.app,ayush-medicozip-api-server-baby-blbhhm24p.vercel.app,dpl_3xwE4YpjShBgYBSddsezJGATVSPi,181,iad1,-1,2048,,prj_7JAswhDubg0NnqBvDW0zPD6g4FbY,,,01M0X69PPJ5DMYNN6VVBDBKAHP,,-1,,
2026-08-25 19:28:03,1787686083456,ayush-medicozip-api-server-baby-blbhhm24p.vercel.app/api/medicines/special,GET,limit=20,500,dq776-1787686083222-d7db90760167,"Mozilla/5.0 (X11; Linux x86_64) AppleWebKit/537.36 (KHTML, like Gecko) HeadlessChrome/141.0.7390.0 Safari/537.36",info,preview,cleanup-ayush-medico,MISS,function,/api/[...path],ayush-medicozip-api-server-baby-blbhhm24p.vercel.app,ayush-medicozip-api-server-baby-blbhhm24p.vercel.app,dpl_3xwE4YpjShBgYBSddsezJGATVSPi,,,,,"Error [ERR_MODULE_NOT_FOUND]: Cannot find module '/var/task/artifacts/api-server/node_modules/@workspace/api-zod/src/index.ts' imported from /var/task/artifacts/api-server/src/routes/health.js
    at finalizeResolution (node:internal/modules/esm/resolve:277:11)
    at moduleResolve (node:internal/modules/esm/resolve:871:10)
    at moduleResolveWithNodePath (node:internal/modules/esm/resolve:998:14)
    at defaultResolve (node:internal/modules/esm/resolve:1041:79)
    at #cachedDefaultResolve (node:internal/modules/esm/loader:701:20)
    at #resolveAndMaybeBlockOnLoaderThread (node:internal/modules/esm/loader:721:38)
    at ModuleLoader.resolveSync (node:internal/modules/esm/loader:759:56)
    at #resolve (node:internal/modules/esm/loader:683:17)
    at ModuleLoader.getOrCreateModuleJob (node:internal/modules/esm/loader:603:35)
    at ModuleJob.syncLink (node:internal/modules/esm/module_job:163:33) {
  code: 'ERR_MODULE_NOT_FOUND',
  url: 'file:///var/task/artifacts/api-server/node_modules/@workspace/api-zod/src/index.ts'
}
Node.js process exited with exit status: 1. The logs above can help with debugging the issue.",prj_7JAswhDubg0NnqBvDW0zPD6g4FbY,,,,,,,
2026-08-25 19:28:03,1787686083222,ayush-medicozip-api-server-baby-blbhhm24p.vercel.app/api/medicines/special,GET,limit=20,500,dq776-1787686083222-d7db90760167,"Mozilla/5.0 (X11; Linux x86_64) AppleWebKit/537.36 (KHTML, like Gecko) HeadlessChrome/141.0.7390.0 Safari/537.36",,preview,cleanup-ayush-medico,MISS,function,/api/[...path],ayush-medicozip-api-server-baby-blbhhm24p.vercel.app,ayush-medicozip-api-server-baby-blbhhm24p.vercel.app,dpl_3xwE4YpjShBgYBSddsezJGATVSPi,172,iad1,-1,2048,,prj_7JAswhDubg0NnqBvDW0zPD6g4FbY,,,01M0X69PP24T5DKDVPGREGSRWZ,,-1,,
2026-08-25 19:28:03,1787686083452,ayush-medicozip-api-server-baby-blbhhm24p.vercel.app/api/medicines/featured,GET,limit=8,500,k6jkk-1787686083221-bd3529273d73,"Mozilla/5.0 (X11; Linux x86_64) AppleWebKit/537.36 (KHTML, like Gecko) HeadlessChrome/141.0.7390.0 Safari/537.36",info,preview,cleanup-ayush-medico,MISS,function,/api/[...path],ayush-medicozip-api-server-baby-blbhhm24p.vercel.app,ayush-medicozip-api-server-baby-blbhhm24p.vercel.app,dpl_3xwE4YpjShBgYBSddsezJGATVSPi,,,,,"Error [ERR_MODULE_NOT_FOUND]: Cannot find module '/var/task/artifacts/api-server/node_modules/@workspace/api-zod/src/index.ts' imported from /var/task/artifacts/api-server/src/routes/health.js
    at finalizeResolution (node:internal/modules/esm/resolve:277:11)
    at moduleResolve (node:internal/modules/esm/resolve:871:10)
    at moduleResolveWithNodePath (node:internal/modules/esm/resolve:998:14)
    at defaultResolve (node:internal/modules/esm/resolve:1041:79)
    at #cachedDefaultResolve (node:internal/modules/esm/loader:701:20)
    at #resolveAndMaybeBlockOnLoaderThread (node:internal/modules/esm/loader:721:38)
    at ModuleLoader.resolveSync (node:internal/modules/esm/loader:759:56)
    at #resolve (node:internal/modules/esm/loader:683:17)
    at ModuleLoader.getOrCreateModuleJob (node:internal/modules/esm/loader:603:35)
    at ModuleJob.syncLink (node:internal/modules/esm/module_job:163:33) {
  code: 'ERR_MODULE_NOT_FOUND',
  url: 'file:///var/task/artifacts/api-server/node_modules/@workspace/api-zod/src/index.ts'
}
Node.js process exited with exit status: 1. The logs above can help with debugging the issue.",prj_7JAswhDubg0NnqBvDW0zPD6g4FbY,,,,,,,
2026-08-25 19:28:03,1787686083221,ayush-medicozip-api-server-baby-blbhhm24p.vercel.app/api/medicines/featured,GET,limit=8,500,k6jkk-1787686083221-bd3529273d73,"Mozilla/5.0 (X11; Linux x86_64) AppleWebKit/537.36 (KHTML, like Gecko) HeadlessChrome/141.0.7390.0 Safari/537.36",,preview,cleanup-ayush-medico,MISS,function,/api/[...path],ayush-medicozip-api-server-baby-blbhhm24p.vercel.app,ayush-medicozip-api-server-baby-blbhhm24p.vercel.app,dpl_3xwE4YpjShBgYBSddsezJGATVSPi,169,iad1,-1,2048,,prj_7JAswhDubg0NnqBvDW0zPD6g4FbY,,,01M0X69PP3CY39Y5SJ25H9NG8X,,-1,,
2026-08-25 19:28:03,1787686083463,ayush-medicozip-api-server-baby-blbhhm24p.vercel.app/api/medicines/new-arrivals,GET,limit=20,500,bmb2l-1787686083221-e393fff1ca98,"Mozilla/5.0 (X11; Linux x86_64) AppleWebKit/537.36 (KHTML, like Gecko) HeadlessChrome/141.0.7390.0 Safari/537.36",info,preview,cleanup-ayush-medico,MISS,function,/api/[...path],ayush-medicozip-api-server-baby-blbhhm24p.vercel.app,ayush-medicozip-api-server-baby-blbhhm24p.vercel.app,dpl_3xwE4YpjShBgYBSddsezJGATVSPi,,,,,"Error [ERR_MODULE_NOT_FOUND]: Cannot find module '/var/task/artifacts/api-server/node_modules/@workspace/api-zod/src/index.ts' imported from /var/task/artifacts/api-server/src/routes/health.js
    at finalizeResolution (node:internal/modules/esm/resolve:277:11)
    at moduleResolve (node:internal/modules/esm/resolve:871:10)
    at moduleResolveWithNodePath (node:internal/modules/esm/resolve:998:14)
    at defaultResolve (node:internal/modules/esm/resolve:1041:79)
    at #cachedDefaultResolve (node:internal/modules/esm/loader:701:20)
    at #resolveAndMaybeBlockOnLoaderThread (node:internal/modules/esm/loader:721:38)
    at ModuleLoader.resolveSync (node:internal/modules/esm/loader:759:56)
    at #resolve (node:internal/modules/esm/loader:683:17)
    at ModuleLoader.getOrCreateModuleJob (node:internal/modules/esm/loader:603:35)
    at ModuleJob.syncLink (node:internal/modules/esm/module_job:163:33) {
  code: 'ERR_MODULE_NOT_FOUND',
  url: 'file:///var/task/artifacts/api-server/node_modules/@workspace/api-zod/src/index.ts'
}
Node.js process exited with exit status: 1. The logs above can help with debugging the issue.",prj_7JAswhDubg0NnqBvDW0zPD6g4FbY,,,,,,,
2026-08-25 19:28:03,1787686083221,ayush-medicozip-api-server-baby-blbhhm24p.vercel.app/api/medicines/new-arrivals,GET,limit=20,500,bmb2l-1787686083221-e393fff1ca98,"Mozilla/5.0 (X11; Linux x86_64) AppleWebKit/537.36 (KHTML, like Gecko) HeadlessChrome/141.0.7390.0 Safari/537.36",,preview,cleanup-ayush-medico,MISS,function,/api/[...path],ayush-medicozip-api-server-baby-blbhhm24p.vercel.app,ayush-medicozip-api-server-baby-blbhhm24p.vercel.app,dpl_3xwE4YpjShBgYBSddsezJGATVSPi,189,iad1,-1,2048,,prj_7JAswhDubg0NnqBvDW0zPD6g4FbY,,,01M0X69PNVAJ6EVA998HNDWFZM,,-1,,
2026-08-25 19:28:03,1787686083431,ayush-medicozip-api-server-baby-blbhhm24p.vercel.app/api/medicines/special,GET,limit=20,500,zvqdq-1787686083176-6387e04973bd,"Mozilla/5.0 (X11; Linux x86_64) AppleWebKit/537.36 (KHTML, like Gecko) HeadlessChrome/141.0.7390.0 Safari/537.36",info,preview,cleanup-ayush-medico,MISS,function,/api/[...path],ayush-medicozip-api-server-baby-blbhhm24p.vercel.app,ayush-medicozip-api-server-baby-blbhhm24p.vercel.app,dpl_3xwE4YpjShBgYBSddsezJGATVSPi,,,,,"Error [ERR_MODULE_NOT_FOUND]: Cannot find module '/var/task/artifacts/api-server/node_modules/@workspace/api-zod/src/index.ts' imported from /var/task/artifacts/api-server/src/routes/health.js
    at finalizeResolution (node:internal/modules/esm/resolve:277:11)
    at moduleResolve (node:internal/modules/esm/resolve:871:10)
    at moduleResolveWithNodePath (node:internal/modules/esm/resolve:998:14)
    at defaultResolve (node:internal/modules/esm/resolve:1041:79)
    at #cachedDefaultResolve (node:internal/modules/esm/loader:701:20)
    at #resolveAndMaybeBlockOnLoaderThread (node:internal/modules/esm/loader:721:38)
    at ModuleLoader.resolveSync (node:internal/modules/esm/loader:759:56)
    at #resolve (node:internal/modules/esm/loader:683:17)
    at ModuleLoader.getOrCreateModuleJob (node:internal/modules/esm/loader:603:35)
    at ModuleJob.syncLink (node:internal/modules/esm/module_job:163:33) {
  code: 'ERR_MODULE_NOT_FOUND',
  url: 'file:///var/task/artifacts/api-server/node_modules/@workspace/api-zod/src/index.ts'
}
Node.js process exited with exit status: 1. The logs above can help with debugging the issue.",prj_7JAswhDubg0NnqBvDW0zPD6g4FbY,,,,,,,
2026-08-25 19:28:03,1787686083176,ayush-medicozip-api-server-baby-blbhhm24p.vercel.app/api/medicines/special,GET,limit=20,500,zvqdq-1787686083176-6387e04973bd,"Mozilla/5.0 (X11; Linux x86_64) AppleWebKit/537.36 (KHTML, like Gecko) HeadlessChrome/141.0.7390.0 Safari/537.36",,preview,cleanup-ayush-medico,MISS,function,/api/[...path],ayush-medicozip-api-server-baby-blbhhm24p.vercel.app,ayush-medicozip-api-server-baby-blbhhm24p.vercel.app,dpl_3xwE4YpjShBgYBSddsezJGATVSPi,171,iad1,-1,2048,,prj_7JAswhDubg0NnqBvDW0zPD6g4FbY,,,01M0X69PMHB1H72P125841RK7S,,-1,,
2026-08-25 19:28:03,1787686083405,ayush-medicozip-api-server-baby-blbhhm24p.vercel.app/api/medicines/featured,GET,limit=8,500,jb6r4-1787686083166-6e946c5a2b68,"Mozilla/5.0 (X11; Linux x86_64) AppleWebKit/537.36 (KHTML, like Gecko) HeadlessChrome/141.0.7390.0 Safari/537.36",info,preview,cleanup-ayush-medico,MISS,function,/api/[...path],ayush-medicozip-api-server-baby-blbhhm24p.vercel.app,ayush-medicozip-api-server-baby-blbhhm24p.vercel.app,dpl_3xwE4YpjShBgYBSddsezJGATVSPi,,,,,"Error [ERR_MODULE_NOT_FOUND]: Cannot find module '/var/task/artifacts/api-server/node_modules/@workspace/api-zod/src/index.ts' imported from /var/task/artifacts/api-server/src/routes/health.js
    at finalizeResolution (node:internal/modules/esm/resolve:277:11)
    at moduleResolve (node:internal/modules/esm/resolve:871:10)
    at moduleResolveWithNodePath (node:internal/modules/esm/resolve:998:14)
    at defaultResolve (node:internal/modules/esm/resolve:1041:79)
    at #cachedDefaultResolve (node:internal/modules/esm/loader:701:20)
    at #resolveAndMaybeBlockOnLoaderThread (node:internal/modules/esm/loader:721:38)
    at ModuleLoader.resolveSync (node:internal/modules/esm/loader:759:56)
    at #resolve (node:internal/modules/esm/loader:683:17)
    at ModuleLoader.getOrCreateModuleJob (node:internal/modules/esm/loader:603:35)
    at ModuleJob.syncLink (node:internal/modules/esm/module_job:163:33) {
  code: 'ERR_MODULE_NOT_FOUND',
  url: 'file:///var/task/artifacts/api-server/node_modules/@workspace/api-zod/src/index.ts'
}
Node.js process exited with exit status: 1. The logs above can help with debugging the issue.",prj_7JAswhDubg0NnqBvDW0zPD6g4FbY,,,,,,,
2026-08-25 19:28:03,1787686083166,ayush-medicozip-api-server-baby-blbhhm24p.vercel.app/api/medicines/featured,GET,limit=8,500,jb6r4-1787686083166-6e946c5a2b68,"Mozilla/5.0 (X11; Linux x86_64) AppleWebKit/537.36 (KHTML, like Gecko) HeadlessChrome/141.0.7390.0 Safari/537.36",,preview,cleanup-ayush-medico,MISS,function,/api/[...path],ayush-medicozip-api-server-baby-blbhhm24p.vercel.app,ayush-medicozip-api-server-baby-blbhhm24p.vercel.app,dpl_3xwE4YpjShBgYBSddsezJGATVSPi,181,iad1,-1,2048,,prj_7JAswhDubg0NnqBvDW0zPD6g4FbY,,,01M0X69PM414MYNZMPA9BKXBEK,,-1,,
2026-08-25 19:28:02,1787686082192,ayush-medicozip-api-server-baby-blbhhm24p.vercel.app/api/medicines/new-arrivals,GET,limit=20,500,z9brv-1787686081884-920b78ac1f48,"Mozilla/5.0 (X11; Linux x86_64) AppleWebKit/537.36 (KHTML, like Gecko) HeadlessChrome/141.0.7390.0 Safari/537.36",info,preview,cleanup-ayush-medico,MISS,function,/api/[...path],ayush-medicozip-api-server-baby-blbhhm24p.vercel.app,ayush-medicozip-api-server-baby-blbhhm24p.vercel.app,dpl_3xwE4YpjShBgYBSddsezJGATVSPi,,,,,"Error [ERR_MODULE_NOT_FOUND]: Cannot find module '/var/task/artifacts/api-server/node_modules/@workspace/api-zod/src/index.ts' imported from /var/task/artifacts/api-server/src/routes/health.js
    at finalizeResolution (node:internal/modules/esm/resolve:277:11)
    at moduleResolve (node:internal/modules/esm/resolve:871:10)
    at moduleResolveWithNodePath (node:internal/modules/esm/resolve:998:14)
    at defaultResolve (node:internal/modules/esm/resolve:1041:79)
    at #cachedDefaultResolve (node:internal/modules/esm/loader:701:20)
    at #resolveAndMaybeBlockOnLoaderThread (node:internal/modules/esm/loader:721:38)
    at ModuleLoader.resolveSync (node:internal/modules/esm/loader:759:56)
    at #resolve (node:internal/modules/esm/loader:683:17)
    at ModuleLoader.getOrCreateModuleJob (node:internal/modules/esm/loader:603:35)
    at ModuleJob.syncLink (node:internal/modules/esm/module_job:163:33) {
  code: 'ERR_MODULE_NOT_FOUND',
  url: 'file:///var/task/artifacts/api-server/node_modules/@workspace/api-zod/src/index.ts'
}
Node.js process exited with exit status: 1. The logs above can help with debugging the issue.",prj_7JAswhDubg0NnqBvDW0zPD6g4FbY,,,,,,,
2026-08-25 19:28:01,1787686081884,ayush-medicozip-api-server-baby-blbhhm24p.vercel.app/api/medicines/new-arrivals,GET,limit=20,500,z9brv-1787686081884-920b78ac1f48,"Mozilla/5.0 (X11; Linux x86_64) AppleWebKit/537.36 (KHTML, like Gecko) HeadlessChrome/141.0.7390.0 Safari/537.36",,preview,cleanup-ayush-medico,MISS,function,/api/[...path],ayush-medicozip-api-server-baby-blbhhm24p.vercel.app,ayush-medicozip-api-server-baby-blbhhm24p.vercel.app,dpl_3xwE4YpjShBgYBSddsezJGATVSPi,168,iad1,-1,2048,,prj_7JAswhDubg0NnqBvDW0zPD6g4FbY,,,01M0X69NC2B5AGFBH866SZY7JS,,-1,,
2026-08-25 19:28:02,1787686082129,ayush-medicozip-api-server-baby-blbhhm24p.vercel.app/api/medicines/special,GET,limit=20,500,w28sf-1787686081880-a0b2e55363fa,"Mozilla/5.0 (X11; Linux x86_64) AppleWebKit/537.36 (KHTML, like Gecko) HeadlessChrome/141.0.7390.0 Safari/537.36",info,preview,cleanup-ayush-medico,MISS,function,/api/[...path],ayush-medicozip-api-server-baby-blbhhm24p.vercel.app,ayush-medicozip-api-server-baby-blbhhm24p.vercel.app,dpl_3xwE4YpjShBgYBSddsezJGATVSPi,,,,,"Error [ERR_MODULE_NOT_FOUND]: Cannot find module '/var/task/artifacts/api-server/node_modules/@workspace/api-zod/src/index.ts' imported from /var/task/artifacts/api-server/src/routes/health.js
    at finalizeResolution (node:internal/modules/esm/resolve:277:11)
    at moduleResolve (node:internal/modules/esm/resolve:871:10)
    at moduleResolveWithNodePath (node:internal/modules/esm/resolve:998:14)
    at defaultResolve (node:internal/modules/esm/resolve:1041:79)
    at #cachedDefaultResolve (node:internal/modules/esm/loader:701:20)
    at #resolveAndMaybeBlockOnLoaderThread (node:internal/modules/esm/loader:721:38)
    at ModuleLoader.resolveSync (node:internal/modules/esm/loader:759:56)
    at #resolve (node:internal/modules/esm/loader:683:17)
    at ModuleLoader.getOrCreateModuleJob (node:internal/modules/esm/loader:603:35)
    at ModuleJob.syncLink (node:internal/modules/esm/module_job:163:33) {
  code: 'ERR_MODULE_NOT_FOUND',
  url: 'file:///var/task/artifacts/api-server/node_modules/@workspace/api-zod/src/index.ts'
}
Node.js process exited with exit status: 1. The logs above can help with debugging the issue.
Error [ERR_MODULE_NOT_FOUND]: Cannot find module '/var/task/artifacts/api-server/node_modules/@workspace/api-zod/src/index.ts' imported from /var/task/artifacts/api-server/src/routes/health.js
    at finalizeResolution (node:internal/modules/esm/resolve:277:11)
    at moduleResolve (node:internal/modules/esm/resolve:871:10)
    at moduleResolveWithNodePath (node:internal/modules/esm/resolve:998:14)
    at defaultResolve (node:internal/modules/esm/resolve:1041:79)
    at #cachedDefaultResolve (node:internal/modules/esm/loader:701:20)
    at #resolveAndMaybeBlockOnLoaderThread (node:internal/modules/esm/loader:721:38)
    at ModuleLoader.resolveSync (node:internal/modules/esm/loader:759:56)
    at #resolve (node:internal/modules/esm/loader:683:17)
    at ModuleLoader.getOrCreateModuleJob (node:internal/modules/esm/loader:603:35)
    at ModuleJob.syncLink (node:internal/modules/esm/module_job:163:33) {
  code: 'ERR_MODULE_NOT_FOUND',
  url: 'file:///var/task/artifacts/api-server/node_modules/@workspace/api-zod/src/index.ts'
}
Node.js process exited with exit status: 1. The logs above can help with debugging the issue.",prj_7JAswhDubg0NnqBvDW0zPD6g4FbY,,,,,,,
2026-08-25 19:28:01,1787686081880,ayush-medicozip-api-server-baby-blbhhm24p.vercel.app/api/medicines/special,GET,limit=20,500,w28sf-1787686081880-a0b2e55363fa,"Mozilla/5.0 (X11; Linux x86_64) AppleWebKit/537.36 (KHTML, like Gecko) HeadlessChrome/141.0.7390.0 Safari/537.36",,preview,cleanup-ayush-medico,MISS,function,/api/[...path],ayush-medicozip-api-server-baby-blbhhm24p.vercel.app,ayush-medicozip-api-server-baby-blbhhm24p.vercel.app,dpl_3xwE4YpjShBgYBSddsezJGATVSPi,194,iad1,-1,2048,,prj_7JAswhDubg0NnqBvDW0zPD6g4FbY,,,01M0X69NBXSJB2WTGTFCYA9KBY,,-1,,
2026-08-25 19:28:02,1787686082160,ayush-medicozip-api-server-baby-blbhhm24p.vercel.app/api/settings/homepage,GET,,500,gbxhd-1787686081880-052606bfd0c5,"Mozilla/5.0 (X11; Linux x86_64) AppleWebKit/537.36 (KHTML, like Gecko) HeadlessChrome/141.0.7390.0 Safari/537.36",info,preview,cleanup-ayush-medico,MISS,function,/api/[...path],ayush-medicozip-api-server-baby-blbhhm24p.vercel.app,ayush-medicozip-api-server-baby-blbhhm24p.vercel.app,dpl_3xwE4YpjShBgYBSddsezJGATVSPi,,,,,"Error [ERR_MODULE_NOT_FOUND]: Cannot find module '/var/task/artifacts/api-server/node_modules/@workspace/api-zod/src/index.ts' imported from /var/task/artifacts/api-server/src/routes/health.js
    at finalizeResolution (node:internal/modules/esm/resolve:277:11)
    at moduleResolve (node:internal/modules/esm/resolve:871:10)
    at moduleResolveWithNodePath (node:internal/modules/esm/resolve:998:14)
    at defaultResolve (node:internal/modules/esm/resolve:1041:79)
    at #cachedDefaultResolve (node:internal/modules/esm/loader:701:20)
    at #resolveAndMaybeBlockOnLoaderThread (node:internal/modules/esm/loader:721:38)
    at ModuleLoader.resolveSync (node:internal/modules/esm/loader:759:56)
    at #resolve (node:internal/modules/esm/loader:683:17)
    at ModuleLoader.getOrCreateModuleJob (node:internal/modules/esm/loader:603:35)
    at ModuleJob.syncLink (node:internal/modules/esm/module_job:163:33) {
  code: 'ERR_MODULE_NOT_FOUND',
  url: 'file:///var/task/artifacts/api-server/node_modules/@workspace/api-zod/src/index.ts'
}
Node.js process exited with exit status: 1. The logs above can help with debugging the issue.",prj_7JAswhDubg0NnqBvDW0zPD6g4FbY,,,,,,,
2026-08-25 19:28:01,1787686081880,ayush-medicozip-api-server-baby-blbhhm24p.vercel.app/api/settings/homepage,GET,,500,gbxhd-1787686081880-052606bfd0c5,"Mozilla/5.0 (X11; Linux x86_64) AppleWebKit/537.36 (KHTML, like Gecko) HeadlessChrome/141.0.7390.0 Safari/537.36",,preview,cleanup-ayush-medico,MISS,function,/api/[...path],ayush-medicozip-api-server-baby-blbhhm24p.vercel.app,ayush-medicozip-api-server-baby-blbhhm24p.vercel.app,dpl_3xwE4YpjShBgYBSddsezJGATVSPi,168,iad1,-1,2048,,prj_7JAswhDubg0NnqBvDW0zPD6g4FbY,,,01M0X69NBYSFKZJA7ADGF1X9QQ,,-1,,
2026-08-25 19:28:02,1787686082103,ayush-medicozip-api-server-baby-blbhhm24p.vercel.app/api/medicines/featured,GET,limit=8,500,xxrjh-1787686081878-946e653039e7,"Mozilla/5.0 (X11; Linux x86_64) AppleWebKit/537.36 (KHTML, like Gecko) HeadlessChrome/141.0.7390.0 Safari/537.36",info,preview,cleanup-ayush-medico,MISS,function,/api/[...path],ayush-medicozip-api-server-baby-blbhhm24p.vercel.app,ayush-medicozip-api-server-baby-blbhhm24p.vercel.app,dpl_3xwE4YpjShBgYBSddsezJGATVSPi,,,,,"Error [ERR_MODULE_NOT_FOUND]: Cannot find module '/var/task/artifacts/api-server/node_modules/@workspace/api-zod/src/index.ts' imported from /var/task/artifacts/api-server/src/routes/health.js
    at finalizeResolution (node:internal/modules/esm/resolve:277:11)
    at moduleResolve (node:internal/modules/esm/resolve:871:10)
    at moduleResolveWithNodePath (node:internal/modules/esm/resolve:998:14)
    at defaultResolve (node:internal/modules/esm/resolve:1041:79)
    at #cachedDefaultResolve (node:internal/modules/esm/loader:701:20)
    at #resolveAndMaybeBlockOnLoaderThread (node:internal/modules/esm/loader:721:38)
    at ModuleLoader.resolveSync (node:internal/modules/esm/loader:759:56)
    at #resolve (node:internal/modules/esm/loader:683:17)
    at ModuleLoader.getOrCreateModuleJob (node:internal/modules/esm/loader:603:35)
    at ModuleJob.syncLink (node:internal/modules/esm/module_job:163:33) {
  code: 'ERR_MODULE_NOT_FOUND',
  url: 'file:///var/task/artifacts/api-server/node_modules/@workspace/api-zod/src/index.ts'
}
Node.js process exited with exit status: 1. The logs above can help with debugging the issue.",prj_7JAswhDubg0NnqBvDW0zPD6g4FbY,,,,,,,
2026-08-25 19:28:01,1787686081878,ayush-medicozip-api-server-baby-blbhhm24p.vercel.app/api/medicines/featured,GET,limit=8,500,xxrjh-1787686081878-946e653039e7,"Mozilla/5.0 (X11; Linux x86_64) AppleWebKit/537.36 (KHTML, like Gecko) HeadlessChrome/141.0.7390.0 Safari/537.36",,preview,cleanup-ayush-medico,MISS,function,/api/[...path],ayush-medicozip-api-server-baby-blbhhm24p.vercel.app,ayush-medicozip-api-server-baby-blbhhm24p.vercel.app,dpl_3xwE4YpjShBgYBSddsezJGATVSPi,172,iad1,-1,2048,,prj_7JAswhDubg0NnqBvDW0zPD6g4FbY,,,01M0X69NBV18EV7DZG5XXMG4RD,,-1,,
2026-08-25 19:28:02,1787686082070,ayush-medicozip-api-server-baby-blbhhm24p.vercel.app/api/settings/homepage,GET,,500,4qxgp-1787686081780-af87dab3bbae,"Mozilla/5.0 (X11; Linux x86_64) AppleWebKit/537.36 (KHTML, like Gecko) HeadlessChrome/141.0.7390.0 Safari/537.36",info,preview,cleanup-ayush-medico,MISS,function,/api/[...path],ayush-medicozip-api-server-baby-blbhhm24p.vercel.app,ayush-medicozip-api-server-baby-blbhhm24p.vercel.app,dpl_3xwE4YpjShBgYBSddsezJGATVSPi,,,,,"Error [ERR_MODULE_NOT_FOUND]: Cannot find module '/var/task/artifacts/api-server/node_modules/@workspace/api-zod/src/index.ts' imported from /var/task/artifacts/api-server/src/routes/health.js
    at finalizeResolution (node:internal/modules/esm/resolve:277:11)
    at moduleResolve (node:internal/modules/esm/resolve:871:10)
    at moduleResolveWithNodePath (node:internal/modules/esm/resolve:998:14)
    at defaultResolve (node:internal/modules/esm/resolve:1041:79)
    at #cachedDefaultResolve (node:internal/modules/esm/loader:701:20)
    at #resolveAndMaybeBlockOnLoaderThread (node:internal/modules/esm/loader:721:38)
    at ModuleLoader.resolveSync (node:internal/modules/esm/loader:759:56)
    at #resolve (node:internal/modules/esm/loader:683:17)
    at ModuleLoader.getOrCreateModuleJob (node:internal/modules/esm/loader:603:35)
    at ModuleJob.syncLink (node:internal/modules/esm/module_job:163:33) {
  code: 'ERR_MODULE_NOT_FOUND',
  url: 'file:///var/task/artifacts/api-server/node_modules/@workspace/api-zod/src/index.ts'
}
Node.js process exited with exit status: 1. The logs above can help with debugging the issue.",prj_7JAswhDubg0NnqBvDW0zPD6g4FbY,,,,,,,
2026-08-25 19:28:01,1787686081780,ayush-medicozip-api-server-baby-blbhhm24p.vercel.app/api/settings/homepage,GET,,500,4qxgp-1787686081780-af87dab3bbae,"Mozilla/5.0 (X11; Linux x86_64) AppleWebKit/537.36 (KHTML, like Gecko) HeadlessChrome/141.0.7390.0 Safari/537.36",,preview,cleanup-ayush-medico,MISS,function,/api/[...path],ayush-medicozip-api-server-baby-blbhhm24p.vercel.app,ayush-medicozip-api-server-baby-blbhhm24p.vercel.app,dpl_3xwE4YpjShBgYBSddsezJGATVSPi,196,iad1,-1,2048,,prj_7JAswhDubg0NnqBvDW0zPD6g4FbY,,,01M0X69NA1S767NRH2854JJNEX,,-1,,
2026-08-25 19:28:02,1787686082018,ayush-medicozip-api-server-baby-blbhhm24p.vercel.app/api/medicines/new-arrivals,GET,limit=20,500,p5qq7-1787686081779-728a719d361a,"Mozilla/5.0 (X11; Linux x86_64) AppleWebKit/537.36 (KHTML, like Gecko) HeadlessChrome/141.0.7390.0 Safari/537.36",info,preview,cleanup-ayush-medico,MISS,function,/api/[...path],ayush-medicozip-api-server-baby-blbhhm24p.vercel.app,ayush-medicozip-api-server-baby-blbhhm24p.vercel.app,dpl_3xwE4YpjShBgYBSddsezJGATVSPi,,,,,"Error [ERR_MODULE_NOT_FOUND]: Cannot find module '/var/task/artifacts/api-server/node_modules/@workspace/api-zod/src/index.ts' imported from /var/task/artifacts/api-server/src/routes/health.js
    at finalizeResolution (node:internal/modules/esm/resolve:277:11)
    at moduleResolve (node:internal/modules/esm/resolve:871:10)
    at moduleResolveWithNodePath (node:internal/modules/esm/resolve:998:14)
    at defaultResolve (node:internal/modules/esm/resolve:1041:79)
    at #cachedDefaultResolve (node:internal/modules/esm/loader:701:20)
    at #resolveAndMaybeBlockOnLoaderThread (node:internal/modules/esm/loader:721:38)
    at ModuleLoader.resolveSync (node:internal/modules/esm/loader:759:56)
    at #resolve (node:internal/modules/esm/loader:683:17)
    at ModuleLoader.getOrCreateModuleJob (node:internal/modules/esm/loader:603:35)
    at ModuleJob.syncLink (node:internal/modules/esm/module_job:163:33) {
  code: 'ERR_MODULE_NOT_FOUND',
  url: 'file:///var/task/artifacts/api-server/node_modules/@workspace/api-zod/src/index.ts'
}
Node.js process exited with exit status: 1. The logs above can help with debugging the issue.",prj_7JAswhDubg0NnqBvDW0zPD6g4FbY,,,,,,,
2026-08-25 19:28:01,1787686081779,ayush-medicozip-api-server-baby-blbhhm24p.vercel.app/api/medicines/new-arrivals,GET,limit=20,500,p5qq7-1787686081779-728a719d361a,"Mozilla/5.0 (X11; Linux x86_64) AppleWebKit/537.36 (KHTML, like Gecko) HeadlessChrome/141.0.7390.0 Safari/537.36",,preview,cleanup-ayush-medico,MISS,function,/api/[...path],ayush-medicozip-api-server-baby-blbhhm24p.vercel.app,ayush-medicozip-api-server-baby-blbhhm24p.vercel.app,dpl_3xwE4YpjShBgYBSddsezJGATVSPi,189,iad1,-1,2048,,prj_7JAswhDubg0NnqBvDW0zPD6g4FbY,,,01M0X69N8RMN34BTJ1K5PJZ90W,,-1,,
2026-08-25 19:28:02,1787686082026,ayush-medicozip-api-server-baby-blbhhm24p.vercel.app/api/medicines/special,GET,limit=20,500,l2cxx-1787686081779-20f239f82e4f,"Mozilla/5.0 (X11; Linux x86_64) AppleWebKit/537.36 (KHTML, like Gecko) HeadlessChrome/141.0.7390.0 Safari/537.36",info,preview,cleanup-ayush-medico,MISS,function,/api/[...path],ayush-medicozip-api-server-baby-blbhhm24p.vercel.app,ayush-medicozip-api-server-baby-blbhhm24p.vercel.app,dpl_3xwE4YpjShBgYBSddsezJGATVSPi,,,,,"Error [ERR_MODULE_NOT_FOUND]: Cannot find module '/var/task/artifacts/api-server/node_modules/@workspace/api-zod/src/index.ts' imported from /var/task/artifacts/api-server/src/routes/health.js
    at finalizeResolution (node:internal/modules/esm/resolve:277:11)
    at moduleResolve (node:internal/modules/esm/resolve:871:10)
    at moduleResolveWithNodePath (node:internal/modules/esm/resolve:998:14)
    at defaultResolve (node:internal/modules/esm/resolve:1041:79)
    at #cachedDefaultResolve (node:internal/modules/esm/loader:701:20)
    at #resolveAndMaybeBlockOnLoaderThread (node:internal/modules/esm/loader:721:38)
    at ModuleLoader.resolveSync (node:internal/modules/esm/loader:759:56)
    at #resolve (node:internal/modules/esm/loader:683:17)
    at ModuleLoader.getOrCreateModuleJob (node:internal/modules/esm/loader:603:35)
    at ModuleJob.syncLink (node:internal/modules/esm/module_job:163:33) {
  code: 'ERR_MODULE_NOT_FOUND',
  url: 'file:///var/task/artifacts/api-server/node_modules/@workspace/api-zod/src/index.ts'
}
Node.js process exited with exit status: 1. The logs above can help with debugging the issue.",prj_7JAswhDubg0NnqBvDW0zPD6g4FbY,,,,,,,
2026-08-25 19:28:01,1787686081779,ayush-medicozip-api-server-baby-blbhhm24p.vercel.app/api/medicines/special,GET,limit=20,500,l2cxx-1787686081779-20f239f82e4f,"Mozilla/5.0 (X11; Linux x86_64) AppleWebKit/537.36 (KHTML, like Gecko) HeadlessChrome/141.0.7390.0 Safari/537.36",,preview,cleanup-ayush-medico,MISS,function,/api/[...path],ayush-medicozip-api-server-baby-blbhhm24p.vercel.app,ayush-medicozip-api-server-baby-blbhhm24p.vercel.app,dpl_3xwE4YpjShBgYBSddsezJGATVSPi,193,iad1,-1,2048,,prj_7JAswhDubg0NnqBvDW0zPD6g4FbY,,,01M0X69N8SP1T7N1KM3D2ZGENK,,-1,,
2026-08-25 19:28:01,1787686081985,ayush-medicozip-api-server-baby-blbhhm24p.vercel.app/api/medicines/featured,GET,limit=8,500,gbxhd-1787686081750-97b4d9b09933,"Mozilla/5.0 (X11; Linux x86_64) AppleWebKit/537.36 (KHTML, like Gecko) HeadlessChrome/141.0.7390.0 Safari/537.36",info,preview,cleanup-ayush-medico,MISS,function,/api/[...path],ayush-medicozip-api-server-baby-blbhhm24p.vercel.app,ayush-medicozip-api-server-baby-blbhhm24p.vercel.app,dpl_3xwE4YpjShBgYBSddsezJGATVSPi,,,,,"Error [ERR_MODULE_NOT_FOUND]: Cannot find module '/var/task/artifacts/api-server/node_modules/@workspace/api-zod/src/index.ts' imported from /var/task/artifacts/api-server/src/routes/health.js
    at finalizeResolution (node:internal/modules/esm/resolve:277:11)
    at moduleResolve (node:internal/modules/esm/resolve:871:10)
    at moduleResolveWithNodePath (node:internal/modules/esm/resolve:998:14)
    at defaultResolve (node:internal/modules/esm/resolve:1041:79)
    at #cachedDefaultResolve (node:internal/modules/esm/loader:701:20)
    at #resolveAndMaybeBlockOnLoaderThread (node:internal/modules/esm/loader:721:38)
    at ModuleLoader.resolveSync (node:internal/modules/esm/loader:759:56)
    at #resolve (node:internal/modules/esm/loader:683:17)
    at ModuleLoader.getOrCreateModuleJob (node:internal/modules/esm/loader:603:35)
    at ModuleJob.syncLink (node:internal/modules/esm/module_job:163:33) {
  code: 'ERR_MODULE_NOT_FOUND',
  url: 'file:///var/task/artifacts/api-server/node_modules/@workspace/api-zod/src/index.ts'
}
Node.js process exited with exit status: 1. The logs above can help with debugging the issue.",prj_7JAswhDubg0NnqBvDW0zPD6g4FbY,,,,,,,
2026-08-25 19:28:01,1787686081750,ayush-medicozip-api-server-baby-blbhhm24p.vercel.app/api/medicines/featured,GET,limit=8,500,gbxhd-1787686081750-97b4d9b09933,"Mozilla/5.0 (X11; Linux x86_64) AppleWebKit/537.36 (KHTML, like Gecko) HeadlessChrome/141.0.7390.0 Safari/537.36",,preview,cleanup-ayush-medico,MISS,function,/api/[...path],ayush-medicozip-api-server-baby-blbhhm24p.vercel.app,ayush-medicozip-api-server-baby-blbhhm24p.vercel.app,dpl_3xwE4YpjShBgYBSddsezJGATVSPi,183,iad1,-1,2048,,prj_7JAswhDubg0NnqBvDW0zPD6g4FbY,,,01M0X69N7X2MCR8RT4MEAYDZ4Y,,-1,,
2026-08-25 19:28:01,1787686081652,ayush-medicozip-api-server-baby-blbhhm24p.vercel.app/api/settings/announcement,GET,,500,8bp5n-1787686081007-06fc08f46e29,"Mozilla/5.0 (X11; Linux x86_64) AppleWebKit/537.36 (KHTML, like Gecko) HeadlessChrome/141.0.7390.0 Safari/537.36",info,preview,cleanup-ayush-medico,MISS,function,/api/[...path],ayush-medicozip-api-server-baby-blbhhm24p.vercel.app,ayush-medicozip-api-server-baby-blbhhm24p.vercel.app,dpl_3xwE4YpjShBgYBSddsezJGATVSPi,,,,,"Error [ERR_MODULE_NOT_FOUND]: Cannot find module '/var/task/artifacts/api-server/node_modules/@workspace/api-zod/src/index.ts' imported from /var/task/artifacts/api-server/src/routes/health.js
    at finalizeResolution (node:internal/modules/esm/resolve:277:11)
    at moduleResolve (node:internal/modules/esm/resolve:871:10)
    at moduleResolveWithNodePath (node:internal/modules/esm/resolve:998:14)
    at defaultResolve (node:internal/modules/esm/resolve:1041:79)
    at #cachedDefaultResolve (node:internal/modules/esm/loader:701:20)
    at #resolveAndMaybeBlockOnLoaderThread (node:internal/modules/esm/loader:721:38)
    at ModuleLoader.resolveSync (node:internal/modules/esm/loader:759:56)
    at #resolve (node:internal/modules/esm/loader:683:17)
    at ModuleLoader.getOrCreateModuleJob (node:internal/modules/esm/loader:603:35)
    at ModuleJob.syncLink (node:internal/modules/esm/module_job:163:33) {
  code: 'ERR_MODULE_NOT_FOUND',
  url: 'file:///var/task/artifacts/api-server/node_modules/@workspace/api-zod/src/index.ts'
}
Node.js process exited with exit status: 1. The logs above can help with debugging the issue.
Error [ERR_MODULE_NOT_FOUND]: Cannot find module '/var/task/artifacts/api-server/node_modules/@workspace/api-zod/src/index.ts' imported from /var/task/artifacts/api-server/src/routes/health.js
    at finalizeResolution (node:internal/modules/esm/resolve:277:11)
    at moduleResolve (node:internal/modules/esm/resolve:871:10)
    at moduleResolveWithNodePath (node:internal/modules/esm/resolve:998:14)
    at defaultResolve (node:internal/modules/esm/resolve:1041:79)
    at #cachedDefaultResolve (node:internal/modules/esm/loader:701:20)
    at #resolveAndMaybeBlockOnLoaderThread (node:internal/modules/esm/loader:721:38)
    at ModuleLoader.resolveSync (node:internal/modules/esm/loader:759:56)
    at #resolve (node:internal/modules/esm/loader:683:17)
    at ModuleLoader.getOrCreateModuleJob (node:internal/modules/esm/loader:603:35)
    at ModuleJob.syncLink (node:internal/modules/esm/module_job:163:33) {
  code: 'ERR_MODULE_NOT_FOUND',
  url: 'file:///var/task/artifacts/api-server/node_modules/@workspace/api-zod/src/index.ts'
}
Node.js process exited with exit status: 1. The logs above can help with debugging the issue.",prj_7JAswhDubg0NnqBvDW0zPD6g4FbY,,,,,,,
2026-08-25 19:28:01,1787686081007,ayush-medicozip-api-server-baby-blbhhm24p.vercel.app/api/settings/announcement,GET,,500,8bp5n-1787686081007-06fc08f46e29,"Mozilla/5.0 (X11; Linux x86_64) AppleWebKit/537.36 (KHTML, like Gecko) HeadlessChrome/141.0.7390.0 Safari/537.36",,preview,cleanup-ayush-medico,MISS,function,/api/[...path],ayush-medicozip-api-server-baby-blbhhm24p.vercel.app,ayush-medicozip-api-server-baby-blbhhm24p.vercel.app,dpl_3xwE4YpjShBgYBSddsezJGATVSPi,164,iad1,-1,2048,,prj_7JAswhDubg0NnqBvDW0zPD6g4FbY,,,01M0X69MH7624VCKH3ZJVP2W2A,,-1,,
2026-08-25 19:28:01,1787686081720,ayush-medicozip-api-server-baby-blbhhm24p.vercel.app/api/settings/announcement,GET,,500,drw5z-1787686081004-5bdfe50587f6,"Mozilla/5.0 (X11; Linux x86_64) AppleWebKit/537.36 (KHTML, like Gecko) HeadlessChrome/141.0.7390.0 Safari/537.36",info,preview,cleanup-ayush-medico,MISS,function,/api/[...path],ayush-medicozip-api-server-baby-blbhhm24p.vercel.app,ayush-medicozip-api-server-baby-blbhhm24p.vercel.app,dpl_3xwE4YpjShBgYBSddsezJGATVSPi,,,,,"Error [ERR_MODULE_NOT_FOUND]: Cannot find module '/var/task/artifacts/api-server/node_modules/@workspace/api-zod/src/index.ts' imported from /var/task/artifacts/api-server/src/routes/health.js
    at finalizeResolution (node:internal/modules/esm/resolve:277:11)
    at moduleResolve (node:internal/modules/esm/resolve:871:10)
    at moduleResolveWithNodePath (node:internal/modules/esm/resolve:998:14)
    at defaultResolve (node:internal/modules/esm/resolve:1041:79)
    at #cachedDefaultResolve (node:internal/modules/esm/loader:701:20)
    at #resolveAndMaybeBlockOnLoaderThread (node:internal/modules/esm/loader:721:38)
    at ModuleLoader.resolveSync (node:internal/modules/esm/loader:759:56)
    at #resolve (node:internal/modules/esm/loader:683:17)
    at ModuleLoader.getOrCreateModuleJob (node:internal/modules/esm/loader:603:35)
    at ModuleJob.syncLink (node:internal/modules/esm/module_job:163:33) {
  code: 'ERR_MODULE_NOT_FOUND',
  url: 'file:///var/task/artifacts/api-server/node_modules/@workspace/api-zod/src/index.ts'
}
Node.js process exited with exit status: 1. The logs above can help with debugging the issue.
Error [ERR_MODULE_NOT_FOUND]: Cannot find module '/var/task/artifacts/api-server/node_modules/@workspace/api-zod/src/index.ts' imported from /var/task/artifacts/api-server/src/routes/health.js
    at finalizeResolution (node:internal/modules/esm/resolve:277:11)
    at moduleResolve (node:internal/modules/esm/resolve:871:10)
    at moduleResolveWithNodePath (node:internal/modules/esm/resolve:998:14)
    at defaultResolve (node:internal/modules/esm/resolve:1041:79)
    at #cachedDefaultResolve (node:internal/modules/esm/loader:701:20)
    at #resolveAndMaybeBlockOnLoaderThread (node:internal/modules/esm/loader:721:38)
    at ModuleLoader.resolveSync (node:internal/modules/esm/loader:759:56)
    at #resolve (node:internal/modules/esm/loader:683:17)
    at ModuleLoader.getOrCreateModuleJob (node:internal/modules/esm/loader:603:35)
    at ModuleJob.syncLink (node:internal/modules/esm/module_job:163:33) {
  code: 'ERR_MODULE_NOT_FOUND',
  url: 'file:///var/task/artifacts/api-server/node_modules/@workspace/api-zod/src/index.ts'
}
Node.js process exited with exit status: 1. The logs above can help with debugging the issue.",prj_7JAswhDubg0NnqBvDW0zPD6g4FbY,,,,,,,
2026-08-25 19:28:01,1787686081004,ayush-medicozip-api-server-baby-blbhhm24p.vercel.app/api/settings/announcement,GET,,500,drw5z-1787686081004-5bdfe50587f6,"Mozilla/5.0 (X11; Linux x86_64) AppleWebKit/537.36 (KHTML, like Gecko) HeadlessChrome/141.0.7390.0 Safari/537.36",,preview,cleanup-ayush-medico,MISS,function,/api/[...path],ayush-medicozip-api-server-baby-blbhhm24p.vercel.app,ayush-medicozip-api-server-baby-blbhhm24p.vercel.app,dpl_3xwE4YpjShBgYBSddsezJGATVSPi,177,iad1,-1,2048,,prj_7JAswhDubg0NnqBvDW0zPD6g4FbY,,,01M0X69MJ3M2YV58JWA2J16HY0,,-1,,
2026-08-25 19:28:01,1787686081672,ayush-medicozip-api-server-baby-blbhhm24p.vercel.app/api/settings/store,GET,,500,q8bf9-1787686081002-c9c888c7e1d3,"Mozilla/5.0 (X11; Linux x86_64) AppleWebKit/537.36 (KHTML, like Gecko) HeadlessChrome/141.0.7390.0 Safari/537.36",info,preview,cleanup-ayush-medico,MISS,function,/api/[...path],ayush-medicozip-api-server-baby-blbhhm24p.vercel.app,ayush-medicozip-api-server-baby-blbhhm24p.vercel.app,dpl_3xwE4YpjShBgYBSddsezJGATVSPi,,,,,"Error [ERR_MODULE_NOT_FOUND]: Cannot find module '/var/task/artifacts/api-server/node_modules/@workspace/api-zod/src/index.ts' imported from /var/task/artifacts/api-server/src/routes/health.js
    at finalizeResolution (node:internal/modules/esm/resolve:277:11)
    at moduleResolve (node:internal/modules/esm/resolve:871:10)
    at moduleResolveWithNodePath (node:internal/modules/esm/resolve:998:14)
    at defaultResolve (node:internal/modules/esm/resolve:1041:79)
    at #cachedDefaultResolve (node:internal/modules/esm/loader:701:20)
    at #resolveAndMaybeBlockOnLoaderThread (node:internal/modules/esm/loader:721:38)
    at ModuleLoader.resolveSync (node:internal/modules/esm/loader:759:56)
    at #resolve (node:internal/modules/esm/loader:683:17)
    at ModuleLoader.getOrCreateModuleJob (node:internal/modules/esm/loader:603:35)
    at ModuleJob.syncLink (node:internal/modules/esm/module_job:163:33) {
  code: 'ERR_MODULE_NOT_FOUND',
  url: 'file:///var/task/artifacts/api-server/node_modules/@workspace/api-zod/src/index.ts'
}
Node.js process exited with exit status: 1. The logs above can help with debugging the issue.
Error [ERR_MODULE_NOT_FOUND]: Cannot find module '/var/task/artifacts/api-server/node_modules/@workspace/api-zod/src/index.ts' imported from /var/task/artifacts/api-server/src/routes/health.js
    at finalizeResolution (node:internal/modules/esm/resolve:277:11)
    at moduleResolve (node:internal/modules/esm/resolve:871:10)
    at moduleResolveWithNodePath (node:internal/modules/esm/resolve:998:14)
    at defaultResolve (node:internal/modules/esm/resolve:1041:79)
    at #cachedDefaultResolve (node:internal/modules/esm/loader:701:20)
    at #resolveAndMaybeBlockOnLoaderThread (node:internal/modules/esm/loader:721:38)
    at ModuleLoader.resolveSync (node:internal/modules/esm/loader:759:56)
    at #resolve (node:internal/modules/esm/loader:683:17)
    at ModuleLoader.getOrCreateModuleJob (node:internal/modules/esm/loader:603:35)
    at ModuleJob.syncLink (node:internal/modules/esm/module_job:163:33) {
  code: 'ERR_MODULE_NOT_FOUND',
  url: 'file:///var/task/artifacts/api-server/node_modules/@workspace/api-zod/src/index.ts'
}
Node.js process exited with exit status: 1. The logs above can help with debugging the issue.",prj_7JAswhDubg0NnqBvDW0zPD6g4FbY,,,,,,,
2026-08-25 19:28:01,1787686081002,ayush-medicozip-api-server-baby-blbhhm24p.vercel.app/api/settings/store,GET,,500,q8bf9-1787686081002-c9c888c7e1d3,"Mozilla/5.0 (X11; Linux x86_64) AppleWebKit/537.36 (KHTML, like Gecko) HeadlessChrome/141.0.7390.0 Safari/537.36",,preview,cleanup-ayush-medico,MISS,function,/api/[...path],ayush-medicozip-api-server-baby-blbhhm24p.vercel.app,ayush-medicozip-api-server-baby-blbhhm24p.vercel.app,dpl_3xwE4YpjShBgYBSddsezJGATVSPi,183,iad1,-1,2048,,prj_7JAswhDubg0NnqBvDW0zPD6g4FbY,,,01M0X69MH4DFW6T73SK3MN6HWS,,-1,,
2026-08-25 19:28:01,1787686081677,ayush-medicozip-api-server-baby-blbhhm24p.vercel.app/api/categories,GET,,500,lmwrx-1787686081001-f9d60e496fb1,"Mozilla/5.0 (X11; Linux x86_64) AppleWebKit/537.36 (KHTML, like Gecko) HeadlessChrome/141.0.7390.0 Safari/537.36",info,preview,cleanup-ayush-medico,MISS,function,/api/[...path],ayush-medicozip-api-server-baby-blbhhm24p.vercel.app,ayush-medicozip-api-server-baby-blbhhm24p.vercel.app,dpl_3xwE4YpjShBgYBSddsezJGATVSPi,,,,,"Error [ERR_MODULE_NOT_FOUND]: Cannot find module '/var/task/artifacts/api-server/node_modules/@workspace/api-zod/src/index.ts' imported from /var/task/artifacts/api-server/src/routes/health.js
    at finalizeResolution (node:internal/modules/esm/resolve:277:11)
    at moduleResolve (node:internal/modules/esm/resolve:871:10)
    at moduleResolveWithNodePath (node:internal/modules/esm/resolve:998:14)
    at defaultResolve (node:internal/modules/esm/resolve:1041:79)
    at #cachedDefaultResolve (node:internal/modules/esm/loader:701:20)
    at #resolveAndMaybeBlockOnLoaderThread (node:internal/modules/esm/loader:721:38)
    at ModuleLoader.resolveSync (node:internal/modules/esm/loader:759:56)
    at #resolve (node:internal/modules/esm/loader:683:17)
    at ModuleLoader.getOrCreateModuleJob (node:internal/modules/esm/loader:603:35)
    at ModuleJob.syncLink (node:internal/modules/esm/module_job:163:33) {
  code: 'ERR_MODULE_NOT_FOUND',
  url: 'file:///var/task/artifacts/api-server/node_modules/@workspace/api-zod/src/index.ts'
}
Node.js process exited with exit status: 1. The logs above can help with debugging the issue.
Error [ERR_MODULE_NOT_FOUND]: Cannot find module '/var/task/artifacts/api-server/node_modules/@workspace/api-zod/src/index.ts' imported from /var/task/artifacts/api-server/src/routes/health.js
    at finalizeResolution (node:internal/modules/esm/resolve:277:11)
    at moduleResolve (node:internal/modules/esm/resolve:871:10)
    at moduleResolveWithNodePath (node:internal/modules/esm/resolve:998:14)
    at defaultResolve (node:internal/modules/esm/resolve:1041:79)
    at #cachedDefaultResolve (node:internal/modules/esm/loader:701:20)
    at #resolveAndMaybeBlockOnLoaderThread (node:internal/modules/esm/loader:721:38)
    at ModuleLoader.resolveSync (node:internal/modules/esm/loader:759:56)
    at #resolve (node:internal/modules/esm/loader:683:17)
    at ModuleLoader.getOrCreateModuleJob (node:internal/modules/esm/loader:603:35)
    at ModuleJob.syncLink (node:internal/modules/esm/module_job:163:33) {
  code: 'ERR_MODULE_NOT_FOUND',
  url: 'file:///var/task/artifacts/api-server/node_modules/@workspace/api-zod/src/index.ts'
}
Node.js process exited with exit status: 1. The logs above can help with debugging the issue.",prj_7JAswhDubg0NnqBvDW0zPD6g4FbY,,,,,,,
2026-08-25 19:28:01,1787686081001,ayush-medicozip-api-server-baby-blbhhm24p.vercel.app/api/categories,GET,,500,lmwrx-1787686081001-f9d60e496fb1,"Mozilla/5.0 (X11; Linux x86_64) AppleWebKit/537.36 (KHTML, like Gecko) HeadlessChrome/141.0.7390.0 Safari/537.36",,preview,cleanup-ayush-medico,MISS,function,/api/[...path],ayush-medicozip-api-server-baby-blbhhm24p.vercel.app,ayush-medicozip-api-server-baby-blbhhm24p.vercel.app,dpl_3xwE4YpjShBgYBSddsezJGATVSPi,179,iad1,-1,2048,,prj_7JAswhDubg0NnqBvDW0zPD6g4FbY,,,01M0X69MH3VTM8682F6JXRXRSZ,,-1,,
2026-08-25 19:28:01,1787686081417,ayush-medicozip-api-server-baby-blbhhm24p.vercel.app/api/settings/store,GET,,500,q97df-1787686080999-fa292f89b271,"Mozilla/5.0 (X11; Linux x86_64) AppleWebKit/537.36 (KHTML, like Gecko) HeadlessChrome/141.0.7390.0 Safari/537.36",info,preview,cleanup-ayush-medico,MISS,function,/api/[...path],ayush-medicozip-api-server-baby-blbhhm24p.vercel.app,ayush-medicozip-api-server-baby-blbhhm24p.vercel.app,dpl_3xwE4YpjShBgYBSddsezJGATVSPi,,,,,"Error [ERR_MODULE_NOT_FOUND]: Cannot find module '/var/task/artifacts/api-server/node_modules/@workspace/api-zod/src/index.ts' imported from /var/task/artifacts/api-server/src/routes/health.js
    at finalizeResolution (node:internal/modules/esm/resolve:277:11)
    at moduleResolve (node:internal/modules/esm/resolve:871:10)
    at moduleResolveWithNodePath (node:internal/modules/esm/resolve:998:14)
    at defaultResolve (node:internal/modules/esm/resolve:1041:79)
    at #cachedDefaultResolve (node:internal/modules/esm/loader:701:20)
    at #resolveAndMaybeBlockOnLoaderThread (node:internal/modules/esm/loader:721:38)
    at ModuleLoader.resolveSync (node:internal/modules/esm/loader:759:56)
    at #resolve (node:internal/modules/esm/loader:683:17)
    at ModuleLoader.getOrCreateModuleJob (node:internal/modules/esm/loader:603:35)
    at ModuleJob.syncLink (node:internal/modules/esm/module_job:163:33) {
  code: 'ERR_MODULE_NOT_FOUND',
  url: 'file:///var/task/artifacts/api-server/node_modules/@workspace/api-zod/src/index.ts'
}
Node.js process exited with exit status: 1. The logs above can help with debugging the issue.",prj_7JAswhDubg0NnqBvDW0zPD6g4FbY,,,,,,,
2026-08-25 19:28:00,1787686080999,ayush-medicozip-api-server-baby-blbhhm24p.vercel.app/api/settings/store,GET,,500,q97df-1787686080999-fa292f89b271,"Mozilla/5.0 (X11; Linux x86_64) AppleWebKit/537.36 (KHTML, like Gecko) HeadlessChrome/141.0.7390.0 Safari/537.36",,preview,cleanup-ayush-medico,MISS,function,/api/[...path],ayush-medicozip-api-server-baby-blbhhm24p.vercel.app,ayush-medicozip-api-server-baby-blbhhm24p.vercel.app,dpl_3xwE4YpjShBgYBSddsezJGATVSPi,174,iad1,-1,2048,,prj_7JAswhDubg0NnqBvDW0zPD6g4FbY,,,01M0X69MHDTAE5MKW0WZW0PTZ7,,-1,,
2026-08-25 19:28:01,1787686081237,ayush-medicozip-api-server-baby-blbhhm24p.vercel.app/api/categories,GET,,500,nfcd4-1787686080998-f9331bee634b,"Mozilla/5.0 (X11; Linux x86_64) AppleWebKit/537.36 (KHTML, like Gecko) HeadlessChrome/141.0.7390.0 Safari/537.36",info,preview,cleanup-ayush-medico,MISS,function,/api/[...path],ayush-medicozip-api-server-baby-blbhhm24p.vercel.app,ayush-medicozip-api-server-baby-blbhhm24p.vercel.app,dpl_3xwE4YpjShBgYBSddsezJGATVSPi,,,,,"Error [ERR_MODULE_NOT_FOUND]: Cannot find module '/var/task/artifacts/api-server/node_modules/@workspace/api-zod/src/index.ts' imported from /var/task/artifacts/api-server/src/routes/health.js
    at finalizeResolution (node:internal/modules/esm/resolve:277:11)
    at moduleResolve (node:internal/modules/esm/resolve:871:10)
    at moduleResolveWithNodePath (node:internal/modules/esm/resolve:998:14)
    at defaultResolve (node:internal/modules/esm/resolve:1041:79)
    at #cachedDefaultResolve (node:internal/modules/esm/loader:701:20)
    at #resolveAndMaybeBlockOnLoaderThread (node:internal/modules/esm/loader:721:38)
    at ModuleLoader.resolveSync (node:internal/modules/esm/loader:759:56)
    at #resolve (node:internal/modules/esm/loader:683:17)
    at ModuleLoader.getOrCreateModuleJob (node:internal/modules/esm/loader:603:35)
    at ModuleJob.syncLink (node:internal/modules/esm/module_job:163:33) {
  code: 'ERR_MODULE_NOT_FOUND',
  url: 'file:///var/task/artifacts/api-server/node_modules/@workspace/api-zod/src/index.ts'
}
Node.js process exited with exit status: 1. The logs above can help with debugging the issue.",prj_7JAswhDubg0NnqBvDW0zPD6g4FbY,,,,,,,
2026-08-25 19:28:00,1787686080998,ayush-medicozip-api-server-baby-blbhhm24p.vercel.app/api/categories,GET,,500,nfcd4-1787686080998-f9331bee634b,"Mozilla/5.0 (X11; Linux x86_64) AppleWebKit/537.36 (KHTML, like Gecko) HeadlessChrome/141.0.7390.0 Safari/537.36",,preview,cleanup-ayush-medico,MISS,function,/api/[...path],ayush-medicozip-api-server-baby-blbhhm24p.vercel.app,ayush-medicozip-api-server-baby-blbhhm24p.vercel.app,dpl_3xwE4YpjShBgYBSddsezJGATVSPi,167,iad1,-1,2048,,prj_7JAswhDubg0NnqBvDW0zPD6g4FbY,,,01M0X69MGZRN73KFQGRGMWG864,,-1,,
